id,invoice_id,credit_card_number,credit_card_expiration_date,result,created_at,updated_at
1,1,4654405418249632,,success,2012-03-27 14:54:09 UTC,2012-03-27 14:54:09 UTC
2,2,4580251236515201,,success,2012-03-27 14:54:09 UTC,2012-03-27 14:54:09 UTC
3,4,4354495077693036,,success,2012-03-27 14:54:10 UTC,2012-03-27 14:54:10 UTC
4,5,4515551623735607,,success,2012-03-27 14:54:10 UTC,2012-03-27 14:54:10 UTC
5,6,4844518708741275,,success,2012-03-27 14:54:10 UTC,2012-03-27 14:54:10 UTC
6,7,4203696133194408,,success,2012-03-27 14:54:10 UTC,2012-03-27 14:54:10 UTC
7,8,4801647818676136,,success,2012-03-27 14:54:10 UTC,2012-03-27 14:54:10 UTC
8,9,4540842003561938,,success,2012-03-27 14:54:10 UTC,2012-03-27 14:54:10 UTC
9,10,4140149827486249,,success,2012-03-27 14:54:10 UTC,2012-03-27 14:54:10 UTC
10,11,4923661117104166,,success,2012-03-27 14:54:10 UTC,2012-03-27 14:54:10 UTC
11,12,4800749911485986,,failed,2012-03-27 14:54:10 UTC,2012-03-27 14:54:10 UTC
12,12,4017503416578382,,failed,2012-03-27 14:54:10 UTC,2012-03-27 14:54:10 UTC
13,12,4536896898764278,,success,2012-03-27 14:54:10 UTC,2012-03-27 14:54:10 UTC
14,13,4411510861233607,,failed,2012-03-27 14:54:10 UTC,2012-03-27 14:54:10 UTC
15,13,4869639160798434,,failed,2012-03-27 14:54:10 UTC,2012-03-27 14:54:10 UTC
16,15,4738848761455352,,success,2012-03-27 14:54:10 UTC,2012-03-27 14:54:10 UTC
17,16,4763141973880496,,success,2012-03-27 14:54:10 UTC,2012-03-27 14:54:10 UTC
18,17,4214497729954420,,success,2012-03-27 14:54:10 UTC,2012-03-27 14:54:10 UTC
19,18,4436110257010678,,success,2012-03-27 14:54:10 UTC,2012-03-27 14:54:10 UTC
20,19,4332881798016631,,success,2012-03-27 14:54:10 UTC,2012-03-27 14:54:10 UTC
21,20,4886443388914010,,success,2012-03-27 14:54:10 UTC,2012-03-27 14:54:10 UTC
22,21,4252153331154380,,success,2012-03-27 14:54:10 UTC,2012-03-27 14:54:10 UTC
23,22,4822758023695469,,success,2012-03-27 14:54:11 UTC,2012-03-27 14:54:11 UTC
24,23,4090452560541880,,success,2012-03-27 14:54:11 UTC,2012-03-27 14:54:11 UTC
25,24,4173081602435789,,success,2012-03-27 14:54:11 UTC,2012-03-27 14:54:11 UTC
26,25,4920121630073678,,success,2012-03-27 14:54:11 UTC,2012-03-27 14:54:11 UTC
27,26,4740912293014834,,success,2012-03-27 14:54:11 UTC,2012-03-27 14:54:11 UTC
28,27,4972246905754900,,success,2012-03-27 14:54:11 UTC,2012-03-27 14:54:11 UTC
29,28,4520868595580154,,success,2012-03-27 14:54:11 UTC,2012-03-27 14:54:11 UTC
30,29,4084466070588807,,success,2012-03-27 14:54:11 UTC,2012-03-27 14:54:11 UTC
31,30,4094113568951317,,success,2012-03-27 14:54:11 UTC,2012-03-27 14:54:11 UTC
32,31,4993984512460266,,failed,2012-03-27 14:54:11 UTC,2012-03-27 14:54:11 UTC
33,31,4010777937348342,,success,2012-03-27 14:54:11 UTC,2012-03-27 14:54:11 UTC
34,32,4518516684961580,,success,2012-03-27 14:54:11 UTC,2012-03-27 14:54:11 UTC
35,33,4504301557459341,,success,2012-03-27 14:54:11 UTC,2012-03-27 14:54:11 UTC
36,34,4256260709684496,,failed,2012-03-27 14:54:11 UTC,2012-03-27 14:54:11 UTC
37,34,4989273128387579,,failed,2012-03-27 14:54:11 UTC,2012-03-27 14:54:11 UTC
38,34,4908527734585074,,success,2012-03-27 14:54:11 UTC,2012-03-27 14:54:11 UTC
39,35,4045997732436379,,failed,2012-03-27 14:54:11 UTC,2012-03-27 14:54:11 UTC
40,35,4927528310772822,,failed,2012-03-27 14:54:11 UTC,2012-03-27 14:54:11 UTC
41,36,4891574812508884,,success,2012-03-27 14:54:11 UTC,2012-03-27 14:54:11 UTC
42,37,4116440102474885,,success,2012-03-27 14:54:11 UTC,2012-03-27 14:54:11 UTC
43,38,4530250293393172,,success,2012-03-27 14:54:11 UTC,2012-03-27 14:54:11 UTC
44,39,4194820468895520,,success,2012-03-27 14:54:11 UTC,2012-03-27 14:54:11 UTC
45,40,4873385959393372,,success,2012-03-27 14:54:11 UTC,2012-03-27 14:54:11 UTC
46,41,4993600931344374,,success,2012-03-27 14:54:11 UTC,2012-03-27 14:54:11 UTC
47,42,4950995269436891,,success,2012-03-27 14:54:11 UTC,2012-03-27 14:54:11 UTC
48,43,4844630850252637,,success,2012-03-27 14:54:11 UTC,2012-03-27 14:54:11 UTC
49,44,4211069197597149,,success,2012-03-27 14:54:11 UTC,2012-03-27 14:54:11 UTC
50,45,4232569591693416,,success,2012-03-27 14:54:11 UTC,2012-03-27 14:54:11 UTC
51,46,4517971266291387,,success,2012-03-27 14:54:12 UTC,2012-03-27 14:54:12 UTC
52,47,4168937506187803,,success,2012-03-27 14:54:12 UTC,2012-03-27 14:54:12 UTC
53,48,4997358230473627,,failed,2012-03-27 14:54:12 UTC,2012-03-27 14:54:12 UTC
54,48,4777856041170635,,failed,2012-03-27 14:54:12 UTC,2012-03-27 14:54:12 UTC
55,49,4795148490538729,,success,2012-03-27 14:54:12 UTC,2012-03-27 14:54:12 UTC
56,50,4956826428191745,,success,2012-03-27 14:54:12 UTC,2012-03-27 14:54:12 UTC
57,51,4183072693169681,,success,2012-03-27 14:54:12 UTC,2012-03-27 14:54:12 UTC
58,52,4218657028205587,,success,2012-03-27 14:54:12 UTC,2012-03-27 14:54:12 UTC
59,53,4933369324075499,,failed,2012-03-27 14:54:12 UTC,2012-03-27 14:54:12 UTC
60,53,4441404173505639,,failed,2012-03-27 14:54:12 UTC,2012-03-27 14:54:12 UTC
61,53,4537254125013016,,success,2012-03-27 14:54:12 UTC,2012-03-27 14:54:12 UTC
62,54,4749930716724338,,success,2012-03-27 14:54:12 UTC,2012-03-27 14:54:12 UTC
63,55,4105038329589499,,success,2012-03-27 14:54:12 UTC,2012-03-27 14:54:12 UTC
64,56,4919390595537008,,success,2012-03-27 14:54:12 UTC,2012-03-27 14:54:12 UTC
65,57,4353135619718239,,success,2012-03-27 14:54:12 UTC,2012-03-27 14:54:12 UTC
66,58,4529651999876573,,success,2012-03-27 14:54:12 UTC,2012-03-27 14:54:12 UTC
67,59,4219320645843480,,success,2012-03-27 14:54:12 UTC,2012-03-27 14:54:12 UTC
68,60,4081662560364296,,success,2012-03-27 14:54:12 UTC,2012-03-27 14:54:12 UTC
69,61,4970667050854607,,success,2012-03-27 14:54:12 UTC,2012-03-27 14:54:12 UTC
70,62,4619319026026690,,success,2012-03-27 14:54:12 UTC,2012-03-27 14:54:12 UTC
71,63,4611648633799933,,success,2012-03-27 14:54:12 UTC,2012-03-27 14:54:12 UTC
72,64,4446079647035368,,success,2012-03-27 14:54:12 UTC,2012-03-27 14:54:12 UTC
73,65,4875288120309071,,success,2012-03-27 14:54:12 UTC,2012-03-27 14:54:12 UTC
74,66,4908928765785434,,success,2012-03-27 14:54:12 UTC,2012-03-27 14:54:12 UTC
75,67,4714709625561832,,success,2012-03-27 14:54:13 UTC,2012-03-27 14:54:13 UTC
76,68,4258522058538341,,success,2012-03-27 14:54:13 UTC,2012-03-27 14:54:13 UTC
77,69,4484683114508099,,success,2012-03-27 14:54:13 UTC,2012-03-27 14:54:13 UTC
78,70,4276899312523315,,success,2012-03-27 14:54:13 UTC,2012-03-27 14:54:13 UTC
79,71,4940325254655110,,success,2012-03-27 14:54:13 UTC,2012-03-27 14:54:13 UTC
80,72,4280610195007138,,success,2012-03-27 14:54:13 UTC,2012-03-27 14:54:13 UTC
81,73,4085581454976336,,success,2012-03-27 14:54:13 UTC,2012-03-27 14:54:13 UTC
82,74,4414479617134463,,failed,2012-03-27 14:54:13 UTC,2012-03-27 14:54:13 UTC
83,75,4884897916101675,,failed,2012-03-27 14:54:13 UTC,2012-03-27 14:54:13 UTC
84,75,4388804296796106,,failed,2012-03-27 14:54:13 UTC,2012-03-27 14:54:13 UTC
85,76,4788054737027048,,success,2012-03-27 14:54:13 UTC,2012-03-27 14:54:13 UTC
86,77,4214203290927124,,success,2012-03-27 14:54:13 UTC,2012-03-27 14:54:13 UTC
87,78,4552397311615042,,success,2012-03-27 14:54:13 UTC,2012-03-27 14:54:13 UTC
88,79,4677500284013182,,success,2012-03-27 14:54:13 UTC,2012-03-27 14:54:13 UTC
89,80,4492281584660677,,success,2012-03-27 14:54:13 UTC,2012-03-27 14:54:13 UTC
90,81,4864635690515191,,success,2012-03-27 14:54:13 UTC,2012-03-27 14:54:13 UTC
91,82,4246133152618861,,success,2012-03-27 14:54:13 UTC,2012-03-27 14:54:13 UTC
92,83,4167344953299831,,success,2012-03-27 14:54:13 UTC,2012-03-27 14:54:13 UTC
93,84,4907431908846707,,success,2012-03-27 14:54:13 UTC,2012-03-27 14:54:13 UTC
94,85,4093411327647062,,success,2012-03-27 14:54:13 UTC,2012-03-27 14:54:13 UTC
95,86,4769803305040083,,success,2012-03-27 14:54:13 UTC,2012-03-27 14:54:13 UTC
96,87,4076637008407410,,success,2012-03-27 14:54:14 UTC,2012-03-27 14:54:14 UTC
97,88,4333461127432331,,success,2012-03-27 14:54:14 UTC,2012-03-27 14:54:14 UTC
98,89,4388238767124153,,success,2012-03-27 14:54:14 UTC,2012-03-27 14:54:14 UTC
99,90,4201682490510536,,success,2012-03-27 14:54:14 UTC,2012-03-27 14:54:14 UTC
100,91,4448585774977363,,success,2012-03-27 14:54:14 UTC,2012-03-27 14:54:14 UTC
101,92,4447747545164604,,success,2012-03-27 14:54:14 UTC,2012-03-27 14:54:14 UTC
102,93,4463989536634927,,success,2012-03-27 14:54:14 UTC,2012-03-27 14:54:14 UTC
103,94,4644607031562060,,success,2012-03-27 14:54:14 UTC,2012-03-27 14:54:14 UTC
104,95,4621932204903565,,failed,2012-03-27 14:54:14 UTC,2012-03-27 14:54:14 UTC
105,95,4044861198370729,,success,2012-03-27 14:54:14 UTC,2012-03-27 14:54:14 UTC
106,96,4951719615664799,,success,2012-03-27 14:54:14 UTC,2012-03-27 14:54:14 UTC
107,97,4821344608070197,,success,2012-03-27 14:54:14 UTC,2012-03-27 14:54:14 UTC
108,98,4899420620300694,,success,2012-03-27 14:54:14 UTC,2012-03-27 14:54:14 UTC
109,99,4645717133199073,,success,2012-03-27 14:54:14 UTC,2012-03-27 14:54:14 UTC
110,100,4517628036091304,,success,2012-03-27 14:54:14 UTC,2012-03-27 14:54:14 UTC
111,101,4008401901160707,,success,2012-03-27 14:54:14 UTC,2012-03-27 14:54:14 UTC
112,102,4322700620124069,,success,2012-03-27 14:54:14 UTC,2012-03-27 14:54:14 UTC
113,103,4276467546869199,,success,2012-03-27 14:54:14 UTC,2012-03-27 14:54:14 UTC
114,104,4041912638540112,,success,2012-03-27 14:54:15 UTC,2012-03-27 14:54:15 UTC
115,105,4732608012271957,,success,2012-03-27 14:54:15 UTC,2012-03-27 14:54:15 UTC
116,106,4116802860182729,,success,2012-03-27 14:54:15 UTC,2012-03-27 14:54:15 UTC
117,107,4315712629433732,,success,2012-03-27 14:54:15 UTC,2012-03-27 14:54:15 UTC
118,108,4581607450946409,,failed,2012-03-27 14:54:15 UTC,2012-03-27 14:54:15 UTC
119,108,4564814350456305,,failed,2012-03-27 14:54:15 UTC,2012-03-27 14:54:15 UTC
120,108,4620443924688732,,success,2012-03-27 14:54:15 UTC,2012-03-27 14:54:15 UTC
121,109,4822101748782506,,failed,2012-03-27 14:54:15 UTC,2012-03-27 14:54:15 UTC
122,109,4763124472248150,,success,2012-03-27 14:54:15 UTC,2012-03-27 14:54:15 UTC
123,110,4839297560216690,,success,2012-03-27 14:54:15 UTC,2012-03-27 14:54:15 UTC
124,111,4532457920656359,,success,2012-03-27 14:54:15 UTC,2012-03-27 14:54:15 UTC
125,112,4365943151803651,,success,2012-03-27 14:54:15 UTC,2012-03-27 14:54:15 UTC
126,113,4771506834392904,,success,2012-03-27 14:54:15 UTC,2012-03-27 14:54:15 UTC
127,114,4421453156082847,,success,2012-03-27 14:54:15 UTC,2012-03-27 14:54:15 UTC
128,115,4795703481211617,,success,2012-03-27 14:54:15 UTC,2012-03-27 14:54:15 UTC
129,116,4769340639888734,,success,2012-03-27 14:54:15 UTC,2012-03-27 14:54:15 UTC
130,117,4867396975401825,,success,2012-03-27 14:54:15 UTC,2012-03-27 14:54:15 UTC
131,118,4179781769972009,,success,2012-03-27 14:54:15 UTC,2012-03-27 14:54:15 UTC
132,119,4280955234325013,,success,2012-03-27 14:54:15 UTC,2012-03-27 14:54:15 UTC
133,120,4129871924914639,,failed,2012-03-27 14:54:15 UTC,2012-03-27 14:54:15 UTC
134,120,4319245219575223,,failed,2012-03-27 14:54:15 UTC,2012-03-27 14:54:15 UTC
135,120,4306043079467486,,success,2012-03-27 14:54:15 UTC,2012-03-27 14:54:15 UTC
136,121,4831045071980018,,success,2012-03-27 14:54:16 UTC,2012-03-27 14:54:16 UTC
137,123,4442209786896633,,success,2012-03-27 14:54:16 UTC,2012-03-27 14:54:16 UTC
138,124,4705132781177042,,success,2012-03-27 14:54:16 UTC,2012-03-27 14:54:16 UTC
139,125,4685811607475278,,success,2012-03-27 14:54:16 UTC,2012-03-27 14:54:16 UTC
140,126,4990680642344144,,success,2012-03-27 14:54:16 UTC,2012-03-27 14:54:16 UTC
141,127,4781396848537436,,success,2012-03-27 14:54:16 UTC,2012-03-27 14:54:16 UTC
142,128,4356298320863708,,success,2012-03-27 14:54:16 UTC,2012-03-27 14:54:16 UTC
143,129,4109931649157210,,success,2012-03-27 14:54:16 UTC,2012-03-27 14:54:16 UTC
144,130,4695326141148350,,success,2012-03-27 14:54:16 UTC,2012-03-27 14:54:16 UTC
145,131,4528036308399246,,success,2012-03-27 14:54:16 UTC,2012-03-27 14:54:16 UTC
146,132,4747570112879823,,success,2012-03-27 14:54:16 UTC,2012-03-27 14:54:16 UTC
147,133,4686799290162046,,success,2012-03-27 14:54:16 UTC,2012-03-27 14:54:16 UTC
148,134,4462519037066522,,success,2012-03-27 14:54:16 UTC,2012-03-27 14:54:16 UTC
149,135,4930688257170665,,success,2012-03-27 14:54:16 UTC,2012-03-27 14:54:16 UTC
150,136,4751071446190622,,success,2012-03-27 14:54:16 UTC,2012-03-27 14:54:16 UTC
151,137,4168875766971697,,success,2012-03-27 14:54:16 UTC,2012-03-27 14:54:16 UTC
152,138,4577342614329419,,success,2012-03-27 14:54:16 UTC,2012-03-27 14:54:16 UTC
153,139,4238117655864374,,success,2012-03-27 14:54:16 UTC,2012-03-27 14:54:16 UTC
154,140,4170695102849079,,success,2012-03-27 14:54:16 UTC,2012-03-27 14:54:16 UTC
155,141,4727737841719855,,failed,2012-03-27 14:54:16 UTC,2012-03-27 14:54:16 UTC
156,141,4242926498590308,,failed,2012-03-27 14:54:16 UTC,2012-03-27 14:54:16 UTC
157,141,4210552883101907,,success,2012-03-27 14:54:16 UTC,2012-03-27 14:54:16 UTC
158,142,4072031535688097,,success,2012-03-27 14:54:17 UTC,2012-03-27 14:54:17 UTC
159,143,4970402509036000,,success,2012-03-27 14:54:17 UTC,2012-03-27 14:54:17 UTC
160,144,4050318088150492,,success,2012-03-27 14:54:17 UTC,2012-03-27 14:54:17 UTC
161,145,4956539820522647,,success,2012-03-27 14:54:17 UTC,2012-03-27 14:54:17 UTC
162,146,4911386794543038,,failed,2012-03-27 14:54:17 UTC,2012-03-27 14:54:17 UTC
163,146,4989179578827422,,failed,2012-03-27 14:54:17 UTC,2012-03-27 14:54:17 UTC
164,147,4314550533985242,,success,2012-03-27 14:54:17 UTC,2012-03-27 14:54:17 UTC
165,148,4755690446607445,,success,2012-03-27 14:54:17 UTC,2012-03-27 14:54:17 UTC
166,149,4624413931356301,,success,2012-03-27 14:54:17 UTC,2012-03-27 14:54:17 UTC
167,150,4510992521774314,,success,2012-03-27 14:54:17 UTC,2012-03-27 14:54:17 UTC
168,151,4136371009523904,,success,2012-03-27 14:54:17 UTC,2012-03-27 14:54:17 UTC
169,152,4136223705227787,,failed,2012-03-27 14:54:17 UTC,2012-03-27 14:54:17 UTC
170,152,4934696458926933,,success,2012-03-27 14:54:17 UTC,2012-03-27 14:54:17 UTC
171,153,4433371085841502,,success,2012-03-27 14:54:17 UTC,2012-03-27 14:54:17 UTC
172,154,4651051156310307,,success,2012-03-27 14:54:17 UTC,2012-03-27 14:54:17 UTC
173,155,4688802572252171,,success,2012-03-27 14:54:17 UTC,2012-03-27 14:54:17 UTC
174,156,4887181669334430,,success,2012-03-27 14:54:17 UTC,2012-03-27 14:54:17 UTC
175,157,4410437213033941,,success,2012-03-27 14:54:17 UTC,2012-03-27 14:54:17 UTC
176,158,4679607836877118,,success,2012-03-27 14:54:17 UTC,2012-03-27 14:54:17 UTC
177,159,4941049194369156,,success,2012-03-27 14:54:17 UTC,2012-03-27 14:54:17 UTC
178,160,4965390121425829,,success,2012-03-27 14:54:17 UTC,2012-03-27 14:54:17 UTC
179,161,4511699612489312,,success,2012-03-27 14:54:17 UTC,2012-03-27 14:54:17 UTC
180,162,4003349851009883,,success,2012-03-27 14:54:17 UTC,2012-03-27 14:54:17 UTC
181,163,4943887129363402,,success,2012-03-27 14:54:18 UTC,2012-03-27 14:54:18 UTC
182,165,4220667971320816,,success,2012-03-27 14:54:18 UTC,2012-03-27 14:54:18 UTC
183,166,4782175339357876,,success,2012-03-27 14:54:18 UTC,2012-03-27 14:54:18 UTC
184,167,4073542234427516,,success,2012-03-27 14:54:18 UTC,2012-03-27 14:54:18 UTC
185,168,4142913849555602,,success,2012-03-27 14:54:18 UTC,2012-03-27 14:54:18 UTC
186,169,4668334561120203,,success,2012-03-27 14:54:18 UTC,2012-03-27 14:54:18 UTC
187,170,4621424762613448,,success,2012-03-27 14:54:18 UTC,2012-03-27 14:54:18 UTC
188,171,4353598163390717,,failed,2012-03-27 14:54:18 UTC,2012-03-27 14:54:18 UTC
189,171,4764944470079208,,failed,2012-03-27 14:54:18 UTC,2012-03-27 14:54:18 UTC
190,171,4019889337774100,,success,2012-03-27 14:54:18 UTC,2012-03-27 14:54:18 UTC
191,172,4890608798858858,,success,2012-03-27 14:54:18 UTC,2012-03-27 14:54:18 UTC
192,173,4122490910555627,,success,2012-03-27 14:54:18 UTC,2012-03-27 14:54:18 UTC
193,174,4642106463925007,,success,2012-03-27 14:54:18 UTC,2012-03-27 14:54:18 UTC
194,175,4856150091058806,,success,2012-03-27 14:54:18 UTC,2012-03-27 14:54:18 UTC
195,176,4832784555778965,,success,2012-03-27 14:54:18 UTC,2012-03-27 14:54:18 UTC
196,177,4411155778116751,,success,2012-03-27 14:54:18 UTC,2012-03-27 14:54:18 UTC
197,178,4778047989569589,,success,2012-03-27 14:54:18 UTC,2012-03-27 14:54:18 UTC
198,179,4486229052900072,,success,2012-03-27 14:54:18 UTC,2012-03-27 14:54:18 UTC
199,180,4235107881430252,,success,2012-03-27 14:54:18 UTC,2012-03-27 14:54:18 UTC
200,181,4545389077391538,,failed,2012-03-27 14:54:18 UTC,2012-03-27 14:54:18 UTC
201,181,4718519617355453,,failed,2012-03-27 14:54:18 UTC,2012-03-27 14:54:18 UTC
202,181,4735081499989940,,success,2012-03-27 14:54:18 UTC,2012-03-27 14:54:18 UTC
203,182,4106693622461124,,success,2012-03-27 14:54:18 UTC,2012-03-27 14:54:18 UTC
204,183,4913312822903865,,success,2012-03-27 14:54:18 UTC,2012-03-27 14:54:18 UTC
205,184,4000239077957140,,success,2012-03-27 14:54:18 UTC,2012-03-27 14:54:18 UTC
206,185,4414530128726038,,success,2012-03-27 14:54:19 UTC,2012-03-27 14:54:19 UTC
207,186,4577858764466240,,success,2012-03-27 14:54:19 UTC,2012-03-27 14:54:19 UTC
208,187,4454999038813900,,success,2012-03-27 14:54:19 UTC,2012-03-27 14:54:19 UTC
209,188,4291398022014424,,success,2012-03-27 14:54:19 UTC,2012-03-27 14:54:19 UTC
210,189,4203546480130524,,success,2012-03-27 14:54:19 UTC,2012-03-27 14:54:19 UTC
211,190,4475358341454917,,success,2012-03-27 14:54:19 UTC,2012-03-27 14:54:19 UTC
212,191,4542390710550813,,success,2012-03-27 14:54:19 UTC,2012-03-27 14:54:19 UTC
213,192,4151487438651224,,success,2012-03-27 14:54:19 UTC,2012-03-27 14:54:19 UTC
214,193,4436473320195294,,success,2012-03-27 14:54:19 UTC,2012-03-27 14:54:19 UTC
215,194,4004359162682681,,success,2012-03-27 14:54:19 UTC,2012-03-27 14:54:19 UTC
216,195,4341322234910760,,success,2012-03-27 14:54:19 UTC,2012-03-27 14:54:19 UTC
217,196,4587889642803634,,success,2012-03-27 14:54:19 UTC,2012-03-27 14:54:19 UTC
218,197,4208938027503507,,success,2012-03-27 14:54:19 UTC,2012-03-27 14:54:19 UTC
219,198,4035509010686604,,success,2012-03-27 14:54:19 UTC,2012-03-27 14:54:19 UTC
220,199,4513728668460428,,success,2012-03-27 14:54:19 UTC,2012-03-27 14:54:19 UTC
221,200,4090591648491003,,success,2012-03-27 14:54:19 UTC,2012-03-27 14:54:19 UTC
222,201,4625058491130216,,success,2012-03-27 14:54:19 UTC,2012-03-27 14:54:19 UTC
223,202,4567048595591760,,success,2012-03-27 14:54:19 UTC,2012-03-27 14:54:19 UTC
224,203,4063425730462075,,failed,2012-03-27 14:54:19 UTC,2012-03-27 14:54:19 UTC
225,203,4365292492852189,,failed,2012-03-27 14:54:19 UTC,2012-03-27 14:54:19 UTC
226,203,4080209221567816,,success,2012-03-27 14:54:19 UTC,2012-03-27 14:54:19 UTC
227,204,4027455387990107,,failed,2012-03-27 14:54:19 UTC,2012-03-27 14:54:19 UTC
228,204,4352661130010992,,success,2012-03-27 14:54:19 UTC,2012-03-27 14:54:19 UTC
229,205,4178802387295479,,success,2012-03-27 14:54:19 UTC,2012-03-27 14:54:19 UTC
230,206,4797723478502165,,success,2012-03-27 14:54:20 UTC,2012-03-27 14:54:20 UTC
231,207,4744196565871480,,success,2012-03-27 14:54:20 UTC,2012-03-27 14:54:20 UTC
232,208,4839061103279106,,success,2012-03-27 14:54:20 UTC,2012-03-27 14:54:20 UTC
233,209,4845944813906415,,success,2012-03-27 14:54:20 UTC,2012-03-27 14:54:20 UTC
234,210,4647526956662164,,success,2012-03-27 14:54:20 UTC,2012-03-27 14:54:20 UTC
235,211,4132566124225895,,success,2012-03-27 14:54:20 UTC,2012-03-27 14:54:20 UTC
236,212,4357199142572038,,success,2012-03-27 14:54:20 UTC,2012-03-27 14:54:20 UTC
237,213,4848897974712103,,failed,2012-03-27 14:54:20 UTC,2012-03-27 14:54:20 UTC
238,213,4788436089120774,,success,2012-03-27 14:54:20 UTC,2012-03-27 14:54:20 UTC
239,214,4255845471687285,,success,2012-03-27 14:54:20 UTC,2012-03-27 14:54:20 UTC
240,215,4580788914683566,,success,2012-03-27 14:54:20 UTC,2012-03-27 14:54:20 UTC
241,216,4989536408228603,,failed,2012-03-27 14:54:20 UTC,2012-03-27 14:54:20 UTC
242,216,4602256861909834,,success,2012-03-27 14:54:20 UTC,2012-03-27 14:54:20 UTC
243,217,4297649463967818,,success,2012-03-27 14:54:20 UTC,2012-03-27 14:54:20 UTC
244,218,4417306646047762,,success,2012-03-27 14:54:20 UTC,2012-03-27 14:54:20 UTC
245,219,4147024893054394,,failed,2012-03-27 14:54:20 UTC,2012-03-27 14:54:20 UTC
246,219,4653845297695477,,failed,2012-03-27 14:54:20 UTC,2012-03-27 14:54:20 UTC
247,219,4639641782618836,,success,2012-03-27 14:54:20 UTC,2012-03-27 14:54:20 UTC
248,220,4996337650465008,,success,2012-03-27 14:54:20 UTC,2012-03-27 14:54:20 UTC
249,221,4942302183740720,,failed,2012-03-27 14:54:20 UTC,2012-03-27 14:54:20 UTC
250,221,4986779345139644,,success,2012-03-27 14:54:20 UTC,2012-03-27 14:54:20 UTC
251,222,4775636650095293,,success,2012-03-27 14:54:20 UTC,2012-03-27 14:54:20 UTC
252,223,4924275704266945,,success,2012-03-27 14:54:20 UTC,2012-03-27 14:54:20 UTC
253,224,4147293184531746,,success,2012-03-27 14:54:20 UTC,2012-03-27 14:54:20 UTC
254,225,4697691652240139,,success,2012-03-27 14:54:21 UTC,2012-03-27 14:54:21 UTC
255,226,4236563774362623,,success,2012-03-27 14:54:21 UTC,2012-03-27 14:54:21 UTC
256,227,4479786441125537,,success,2012-03-27 14:54:21 UTC,2012-03-27 14:54:21 UTC
257,228,4058126002222589,,success,2012-03-27 14:54:21 UTC,2012-03-27 14:54:21 UTC
258,229,4623267806032296,,success,2012-03-27 14:54:21 UTC,2012-03-27 14:54:21 UTC
259,230,4623166359989736,,success,2012-03-27 14:54:21 UTC,2012-03-27 14:54:21 UTC
260,231,4462144933765985,,failed,2012-03-27 14:54:21 UTC,2012-03-27 14:54:21 UTC
261,231,4892042971152995,,failed,2012-03-27 14:54:21 UTC,2012-03-27 14:54:21 UTC
262,231,4742618673070135,,success,2012-03-27 14:54:21 UTC,2012-03-27 14:54:21 UTC
263,232,4458123323151248,,success,2012-03-27 14:54:21 UTC,2012-03-27 14:54:21 UTC
264,233,4800908755443594,,success,2012-03-27 14:54:21 UTC,2012-03-27 14:54:21 UTC
265,234,4659341015057473,,success,2012-03-27 14:54:21 UTC,2012-03-27 14:54:21 UTC
266,235,4663940999669796,,success,2012-03-27 14:54:21 UTC,2012-03-27 14:54:21 UTC
267,236,4533869626338968,,success,2012-03-27 14:54:21 UTC,2012-03-27 14:54:21 UTC
268,237,4843833814524408,,success,2012-03-27 14:54:21 UTC,2012-03-27 14:54:21 UTC
269,238,4360639270077611,,success,2012-03-27 14:54:21 UTC,2012-03-27 14:54:21 UTC
270,239,4300084914431196,,success,2012-03-27 14:54:21 UTC,2012-03-27 14:54:21 UTC
271,240,4365561831379550,,success,2012-03-27 14:54:21 UTC,2012-03-27 14:54:21 UTC
272,241,4178786880404474,,success,2012-03-27 14:54:21 UTC,2012-03-27 14:54:21 UTC
273,242,4896060713709049,,success,2012-03-27 14:54:21 UTC,2012-03-27 14:54:21 UTC
274,243,4965468892646465,,success,2012-03-27 14:54:21 UTC,2012-03-27 14:54:21 UTC
275,244,4634462983371600,,success,2012-03-27 14:54:21 UTC,2012-03-27 14:54:21 UTC
276,245,4138785111225183,,failed,2012-03-27 14:54:21 UTC,2012-03-27 14:54:21 UTC
277,245,4558546288775222,,failed,2012-03-27 14:54:21 UTC,2012-03-27 14:54:21 UTC
278,245,4814110298321771,,success,2012-03-27 14:54:21 UTC,2012-03-27 14:54:21 UTC
279,246,4233739940920683,,success,2012-03-27 14:54:21 UTC,2012-03-27 14:54:21 UTC
280,247,4003216997806204,,success,2012-03-27 14:54:22 UTC,2012-03-27 14:54:22 UTC
281,248,4127178844989526,,failed,2012-03-27 14:54:22 UTC,2012-03-27 14:54:22 UTC
282,248,4299282722966124,,success,2012-03-27 14:54:22 UTC,2012-03-27 14:54:22 UTC
283,249,4794296153951414,,success,2012-03-27 14:54:22 UTC,2012-03-27 14:54:22 UTC
284,250,4561582447562918,,success,2012-03-27 14:54:22 UTC,2012-03-27 14:54:22 UTC
285,251,4219584594759639,,success,2012-03-27 14:54:22 UTC,2012-03-27 14:54:22 UTC
286,252,4451993187125265,,success,2012-03-27 14:54:22 UTC,2012-03-27 14:54:22 UTC
287,253,4617252387264018,,success,2012-03-27 14:54:22 UTC,2012-03-27 14:54:22 UTC
288,254,4442230838419766,,success,2012-03-27 14:54:22 UTC,2012-03-27 14:54:22 UTC
289,255,4145021904910994,,success,2012-03-27 14:54:22 UTC,2012-03-27 14:54:22 UTC
290,256,4990370530270572,,failed,2012-03-27 14:54:22 UTC,2012-03-27 14:54:22 UTC
291,256,4341435383184577,,success,2012-03-27 14:54:22 UTC,2012-03-27 14:54:22 UTC
292,257,4405802506464220,,success,2012-03-27 14:54:22 UTC,2012-03-27 14:54:22 UTC
293,258,4306953011978615,,success,2012-03-27 14:54:22 UTC,2012-03-27 14:54:22 UTC
294,260,4581096783589516,,success,2012-03-27 14:54:22 UTC,2012-03-27 14:54:22 UTC
295,261,4985782371051166,,success,2012-03-27 14:54:22 UTC,2012-03-27 14:54:22 UTC
296,262,4669443325888634,,success,2012-03-27 14:54:22 UTC,2012-03-27 14:54:22 UTC
297,263,4979801901174106,,success,2012-03-27 14:54:22 UTC,2012-03-27 14:54:22 UTC
298,264,4758855329028526,,failed,2012-03-27 14:54:22 UTC,2012-03-27 14:54:22 UTC
299,264,4320896398496488,,success,2012-03-27 14:54:22 UTC,2012-03-27 14:54:22 UTC
300,265,4355981234199435,,success,2012-03-27 14:54:22 UTC,2012-03-27 14:54:22 UTC
301,266,4691685175608044,,success,2012-03-27 14:54:22 UTC,2012-03-27 14:54:22 UTC
302,267,4053099120393431,,failed,2012-03-27 14:54:23 UTC,2012-03-27 14:54:23 UTC
303,267,4428689635982853,,success,2012-03-27 14:54:23 UTC,2012-03-27 14:54:23 UTC
304,268,4279922494172233,,success,2012-03-27 14:54:23 UTC,2012-03-27 14:54:23 UTC
305,269,4147476339193403,,success,2012-03-27 14:54:23 UTC,2012-03-27 14:54:23 UTC
306,270,4862855943805675,,success,2012-03-27 14:54:23 UTC,2012-03-27 14:54:23 UTC
307,271,4740367321442977,,success,2012-03-27 14:54:23 UTC,2012-03-27 14:54:23 UTC
308,272,4535818428668228,,success,2012-03-27 14:54:23 UTC,2012-03-27 14:54:23 UTC
309,273,4745547469554329,,failed,2012-03-27 14:54:23 UTC,2012-03-27 14:54:23 UTC
310,273,4183147434983393,,success,2012-03-27 14:54:23 UTC,2012-03-27 14:54:23 UTC
311,274,4615104137142641,,failed,2012-03-27 14:54:23 UTC,2012-03-27 14:54:23 UTC
312,274,4063103844544274,,success,2012-03-27 14:54:23 UTC,2012-03-27 14:54:23 UTC
313,275,4935154443480566,,success,2012-03-27 14:54:23 UTC,2012-03-27 14:54:23 UTC
314,276,4107785381684570,,success,2012-03-27 14:54:23 UTC,2012-03-27 14:54:23 UTC
315,277,4160214193093902,,success,2012-03-27 14:54:23 UTC,2012-03-27 14:54:23 UTC
316,278,4189673054354775,,failed,2012-03-27 14:54:23 UTC,2012-03-27 14:54:23 UTC
317,278,4826321907758722,,failed,2012-03-27 14:54:23 UTC,2012-03-27 14:54:23 UTC
318,278,4093334540768167,,success,2012-03-27 14:54:23 UTC,2012-03-27 14:54:23 UTC
319,279,4470241693792294,,success,2012-03-27 14:54:23 UTC,2012-03-27 14:54:23 UTC
320,280,4692836154871561,,success,2012-03-27 14:54:23 UTC,2012-03-27 14:54:23 UTC
321,281,4702661442694331,,success,2012-03-27 14:54:23 UTC,2012-03-27 14:54:23 UTC
322,282,4740664751216641,,success,2012-03-27 14:54:23 UTC,2012-03-27 14:54:23 UTC
323,283,4855521008852625,,success,2012-03-27 14:54:23 UTC,2012-03-27 14:54:23 UTC
324,284,4369976049771592,,failed,2012-03-27 14:54:23 UTC,2012-03-27 14:54:23 UTC
325,284,4349167495172139,,failed,2012-03-27 14:54:23 UTC,2012-03-27 14:54:23 UTC
326,285,4695739497959682,,success,2012-03-27 14:54:23 UTC,2012-03-27 14:54:23 UTC
327,286,4685023702430180,,success,2012-03-27 14:54:23 UTC,2012-03-27 14:54:23 UTC
328,287,4616848865677483,,failed,2012-03-27 14:54:24 UTC,2012-03-27 14:54:24 UTC
329,287,4790150545650112,,success,2012-03-27 14:54:24 UTC,2012-03-27 14:54:24 UTC
330,288,4765269245938236,,success,2012-03-27 14:54:24 UTC,2012-03-27 14:54:24 UTC
331,289,4751602069778365,,success,2012-03-27 14:54:24 UTC,2012-03-27 14:54:24 UTC
332,290,4217672201484531,,success,2012-03-27 14:54:24 UTC,2012-03-27 14:54:24 UTC
333,291,4116042100711422,,failed,2012-03-27 14:54:24 UTC,2012-03-27 14:54:24 UTC
334,291,4825479435051580,,success,2012-03-27 14:54:24 UTC,2012-03-27 14:54:24 UTC
335,292,4538913911188325,,failed,2012-03-27 14:54:24 UTC,2012-03-27 14:54:24 UTC
336,292,4239227820339146,,success,2012-03-27 14:54:24 UTC,2012-03-27 14:54:24 UTC
337,293,4843849940475985,,success,2012-03-27 14:54:24 UTC,2012-03-27 14:54:24 UTC
338,294,4893345997419525,,success,2012-03-27 14:54:24 UTC,2012-03-27 14:54:24 UTC
339,295,4154194186761749,,success,2012-03-27 14:54:24 UTC,2012-03-27 14:54:24 UTC
340,296,4174209262337330,,success,2012-03-27 14:54:24 UTC,2012-03-27 14:54:24 UTC
341,297,4334552946561700,,success,2012-03-27 14:54:24 UTC,2012-03-27 14:54:24 UTC
342,298,4344914599651052,,success,2012-03-27 14:54:24 UTC,2012-03-27 14:54:24 UTC
343,299,4722426342266250,,success,2012-03-27 14:54:24 UTC,2012-03-27 14:54:24 UTC
344,300,4001276287784758,,success,2012-03-27 14:54:24 UTC,2012-03-27 14:54:24 UTC
345,301,4056022832446833,,success,2012-03-27 14:54:24 UTC,2012-03-27 14:54:24 UTC
346,302,4715663689867142,,success,2012-03-27 14:54:24 UTC,2012-03-27 14:54:24 UTC
347,303,4970124483790887,,success,2012-03-27 14:54:24 UTC,2012-03-27 14:54:24 UTC
348,304,4326590052760621,,failed,2012-03-27 14:54:24 UTC,2012-03-27 14:54:24 UTC
349,304,4525022128821571,,success,2012-03-27 14:54:24 UTC,2012-03-27 14:54:24 UTC
350,305,4564422478082119,,success,2012-03-27 14:54:24 UTC,2012-03-27 14:54:24 UTC
351,306,4909682455889729,,success,2012-03-27 14:54:24 UTC,2012-03-27 14:54:24 UTC
352,307,4171194435861976,,success,2012-03-27 14:54:24 UTC,2012-03-27 14:54:24 UTC
353,308,4753110959044765,,failed,2012-03-27 14:54:24 UTC,2012-03-27 14:54:24 UTC
354,308,4234835567649870,,success,2012-03-27 14:54:24 UTC,2012-03-27 14:54:24 UTC
355,309,4627259025759278,,success,2012-03-27 14:54:25 UTC,2012-03-27 14:54:25 UTC
356,310,4195823319911293,,failed,2012-03-27 14:54:25 UTC,2012-03-27 14:54:25 UTC
357,310,4888577835183098,,failed,2012-03-27 14:54:25 UTC,2012-03-27 14:54:25 UTC
358,311,4301409898281023,,success,2012-03-27 14:54:25 UTC,2012-03-27 14:54:25 UTC
359,312,4234643346034218,,failed,2012-03-27 14:54:25 UTC,2012-03-27 14:54:25 UTC
360,312,4701513893731904,,success,2012-03-27 14:54:25 UTC,2012-03-27 14:54:25 UTC
361,313,4636172657839031,,success,2012-03-27 14:54:25 UTC,2012-03-27 14:54:25 UTC
362,314,4017203003100992,,success,2012-03-27 14:54:25 UTC,2012-03-27 14:54:25 UTC
363,315,4221781027212177,,success,2012-03-27 14:54:25 UTC,2012-03-27 14:54:25 UTC
364,316,4579369122733303,,success,2012-03-27 14:54:25 UTC,2012-03-27 14:54:25 UTC
365,317,4254830639030344,,success,2012-03-27 14:54:25 UTC,2012-03-27 14:54:25 UTC
366,318,4296436509817014,,success,2012-03-27 14:54:25 UTC,2012-03-27 14:54:25 UTC
367,319,4810693878630202,,success,2012-03-27 14:54:25 UTC,2012-03-27 14:54:25 UTC
368,320,4735389398385295,,success,2012-03-27 14:54:25 UTC,2012-03-27 14:54:25 UTC
369,321,4339360234330200,,success,2012-03-27 14:54:25 UTC,2012-03-27 14:54:25 UTC
370,322,4519108896258786,,success,2012-03-27 14:54:25 UTC,2012-03-27 14:54:25 UTC
371,323,4923335465066504,,failed,2012-03-27 14:54:25 UTC,2012-03-27 14:54:25 UTC
372,323,4747220584196560,,failed,2012-03-27 14:54:25 UTC,2012-03-27 14:54:25 UTC
373,323,4952327945438094,,success,2012-03-27 14:54:25 UTC,2012-03-27 14:54:25 UTC
374,324,4031503429355788,,success,2012-03-27 14:54:25 UTC,2012-03-27 14:54:25 UTC
375,325,4028367940917314,,success,2012-03-27 14:54:25 UTC,2012-03-27 14:54:25 UTC
376,326,4219899124425377,,success,2012-03-27 14:54:25 UTC,2012-03-27 14:54:25 UTC
377,327,4768713705734923,,success,2012-03-27 14:54:25 UTC,2012-03-27 14:54:25 UTC
378,328,4753274648218587,,success,2012-03-27 14:54:25 UTC,2012-03-27 14:54:25 UTC
379,329,4462348726403667,,success,2012-03-27 14:54:25 UTC,2012-03-27 14:54:25 UTC
380,330,4561628881594197,,success,2012-03-27 14:54:25 UTC,2012-03-27 14:54:25 UTC
381,331,4774229970857474,,success,2012-03-27 14:54:26 UTC,2012-03-27 14:54:26 UTC
382,332,4656667081165489,,success,2012-03-27 14:54:26 UTC,2012-03-27 14:54:26 UTC
383,333,4222626439565513,,success,2012-03-27 14:54:26 UTC,2012-03-27 14:54:26 UTC
384,334,4354597640349580,,success,2012-03-27 14:54:26 UTC,2012-03-27 14:54:26 UTC
385,335,4824986137849597,,success,2012-03-27 14:54:26 UTC,2012-03-27 14:54:26 UTC
386,336,4139653937978613,,success,2012-03-27 14:54:26 UTC,2012-03-27 14:54:26 UTC
387,337,4645623682031865,,failed,2012-03-27 14:54:26 UTC,2012-03-27 14:54:26 UTC
388,337,4748598223455607,,failed,2012-03-27 14:54:26 UTC,2012-03-27 14:54:26 UTC
389,338,4449061815947552,,success,2012-03-27 14:54:26 UTC,2012-03-27 14:54:26 UTC
390,339,4484276196295656,,success,2012-03-27 14:54:26 UTC,2012-03-27 14:54:26 UTC
391,340,4781005100331123,,failed,2012-03-27 14:54:26 UTC,2012-03-27 14:54:26 UTC
392,340,4813926977479219,,failed,2012-03-27 14:54:26 UTC,2012-03-27 14:54:26 UTC
393,340,4767332496777349,,success,2012-03-27 14:54:26 UTC,2012-03-27 14:54:26 UTC
394,341,4020329523191371,,failed,2012-03-27 14:54:26 UTC,2012-03-27 14:54:26 UTC
395,341,4354490129473925,,failed,2012-03-27 14:54:26 UTC,2012-03-27 14:54:26 UTC
396,341,4789999837283992,,success,2012-03-27 14:54:26 UTC,2012-03-27 14:54:26 UTC
397,342,4916119863060326,,success,2012-03-27 14:54:26 UTC,2012-03-27 14:54:26 UTC
398,343,4980504735462130,,failed,2012-03-27 14:54:26 UTC,2012-03-27 14:54:26 UTC
399,343,4101908381496823,,success,2012-03-27 14:54:26 UTC,2012-03-27 14:54:26 UTC
400,344,4519172026967103,,success,2012-03-27 14:54:26 UTC,2012-03-27 14:54:26 UTC
401,345,4815999986503760,,success,2012-03-27 14:54:26 UTC,2012-03-27 14:54:26 UTC
402,346,4582226041284942,,success,2012-03-27 14:54:26 UTC,2012-03-27 14:54:26 UTC
403,347,4942848181501276,,success,2012-03-27 14:54:26 UTC,2012-03-27 14:54:26 UTC
404,348,4968917600042865,,success,2012-03-27 14:54:26 UTC,2012-03-27 14:54:26 UTC
405,350,4911854361170978,,success,2012-03-27 14:54:26 UTC,2012-03-27 14:54:26 UTC
406,351,4701729742843954,,success,2012-03-27 14:54:26 UTC,2012-03-27 14:54:26 UTC
407,352,4330567974789301,,success,2012-03-27 14:54:26 UTC,2012-03-27 14:54:26 UTC
408,353,4300029969085196,,success,2012-03-27 14:54:27 UTC,2012-03-27 14:54:27 UTC
409,354,4900722658374741,,success,2012-03-27 14:54:27 UTC,2012-03-27 14:54:27 UTC
410,355,4332213559080805,,success,2012-03-27 14:54:27 UTC,2012-03-27 14:54:27 UTC
411,356,4125199489349480,,success,2012-03-27 14:54:27 UTC,2012-03-27 14:54:27 UTC
412,357,4545563178529128,,failed,2012-03-27 14:54:27 UTC,2012-03-27 14:54:27 UTC
413,357,4727622207385324,,success,2012-03-27 14:54:27 UTC,2012-03-27 14:54:27 UTC
414,358,4133496815682052,,failed,2012-03-27 14:54:27 UTC,2012-03-27 14:54:27 UTC
415,358,4883678943905926,,success,2012-03-27 14:54:27 UTC,2012-03-27 14:54:27 UTC
416,359,4251322042985207,,failed,2012-03-27 14:54:27 UTC,2012-03-27 14:54:27 UTC
417,360,4326540949236743,,success,2012-03-27 14:54:27 UTC,2012-03-27 14:54:27 UTC
418,361,4162706756608283,,success,2012-03-27 14:54:27 UTC,2012-03-27 14:54:27 UTC
419,362,4565498423241499,,success,2012-03-27 14:54:27 UTC,2012-03-27 14:54:27 UTC
420,363,4896943902279442,,success,2012-03-27 14:54:27 UTC,2012-03-27 14:54:27 UTC
421,364,4323850363038374,,success,2012-03-27 14:54:27 UTC,2012-03-27 14:54:27 UTC
422,365,4104846956729192,,failed,2012-03-27 14:54:27 UTC,2012-03-27 14:54:27 UTC
423,365,4565562486571262,,failed,2012-03-27 14:54:27 UTC,2012-03-27 14:54:27 UTC
424,365,4442796873246448,,success,2012-03-27 14:54:27 UTC,2012-03-27 14:54:27 UTC
425,366,4303709967339574,,success,2012-03-27 14:54:27 UTC,2012-03-27 14:54:27 UTC
426,367,4425071528131199,,success,2012-03-27 14:54:27 UTC,2012-03-27 14:54:27 UTC
427,368,4053248080608966,,success,2012-03-27 14:54:27 UTC,2012-03-27 14:54:27 UTC
428,369,4398176437587195,,success,2012-03-27 14:54:27 UTC,2012-03-27 14:54:27 UTC
429,370,4659778515282136,,success,2012-03-27 14:54:27 UTC,2012-03-27 14:54:27 UTC
430,371,4926387861632436,,failed,2012-03-27 14:54:27 UTC,2012-03-27 14:54:27 UTC
431,371,4438907710179834,,success,2012-03-27 14:54:27 UTC,2012-03-27 14:54:27 UTC
432,372,4167940348087236,,success,2012-03-27 14:54:27 UTC,2012-03-27 14:54:27 UTC
433,373,4409534077381585,,success,2012-03-27 14:54:27 UTC,2012-03-27 14:54:27 UTC
434,375,4807862687785693,,success,2012-03-27 14:54:28 UTC,2012-03-27 14:54:28 UTC
435,376,4778279335914390,,success,2012-03-27 14:54:28 UTC,2012-03-27 14:54:28 UTC
436,377,4737557846017637,,success,2012-03-27 14:54:28 UTC,2012-03-27 14:54:28 UTC
437,378,4355691844050496,,success,2012-03-27 14:54:28 UTC,2012-03-27 14:54:28 UTC
438,379,4542252426415022,,success,2012-03-27 14:54:28 UTC,2012-03-27 14:54:28 UTC
439,380,4967586759023125,,failed,2012-03-27 14:54:28 UTC,2012-03-27 14:54:28 UTC
440,380,4317345676493968,,failed,2012-03-27 14:54:28 UTC,2012-03-27 14:54:28 UTC
441,380,4633378531927406,,success,2012-03-27 14:54:28 UTC,2012-03-27 14:54:28 UTC
442,381,4520662143465821,,success,2012-03-27 14:54:28 UTC,2012-03-27 14:54:28 UTC
443,382,4036597334874362,,success,2012-03-27 14:54:28 UTC,2012-03-27 14:54:28 UTC
444,383,4331613705642638,,success,2012-03-27 14:54:28 UTC,2012-03-27 14:54:28 UTC
445,384,4174868584821943,,success,2012-03-27 14:54:28 UTC,2012-03-27 14:54:28 UTC
446,385,4749603308617526,,success,2012-03-27 14:54:28 UTC,2012-03-27 14:54:28 UTC
447,386,4049479956657923,,success,2012-03-27 14:54:28 UTC,2012-03-27 14:54:28 UTC
448,387,4181172718598484,,success,2012-03-27 14:54:28 UTC,2012-03-27 14:54:28 UTC
449,388,4221012683440781,,success,2012-03-27 14:54:28 UTC,2012-03-27 14:54:28 UTC
450,389,4815875594461369,,success,2012-03-27 14:54:28 UTC,2012-03-27 14:54:28 UTC
451,390,4390141536246204,,success,2012-03-27 14:54:28 UTC,2012-03-27 14:54:28 UTC
452,391,4399071039391171,,success,2012-03-27 14:54:28 UTC,2012-03-27 14:54:28 UTC
453,392,4103179031246242,,success,2012-03-27 14:54:28 UTC,2012-03-27 14:54:28 UTC
454,393,4966204053013176,,failed,2012-03-27 14:54:28 UTC,2012-03-27 14:54:28 UTC
455,393,4761875897093315,,success,2012-03-27 14:54:28 UTC,2012-03-27 14:54:28 UTC
456,394,4555333334562927,,success,2012-03-27 14:54:29 UTC,2012-03-27 14:54:29 UTC
457,395,4926101880290062,,success,2012-03-27 14:54:29 UTC,2012-03-27 14:54:29 UTC
458,396,4730611671168167,,success,2012-03-27 14:54:29 UTC,2012-03-27 14:54:29 UTC
459,397,4871865959662960,,success,2012-03-27 14:54:29 UTC,2012-03-27 14:54:29 UTC
460,398,4686480487435213,,success,2012-03-27 14:54:29 UTC,2012-03-27 14:54:29 UTC
461,399,4264599215639450,,success,2012-03-27 14:54:29 UTC,2012-03-27 14:54:29 UTC
462,400,4139862628289150,,success,2012-03-27 14:54:29 UTC,2012-03-27 14:54:29 UTC
463,401,4630664529460089,,success,2012-03-27 14:54:29 UTC,2012-03-27 14:54:29 UTC
464,402,4992786874282022,,success,2012-03-27 14:54:29 UTC,2012-03-27 14:54:29 UTC
465,403,4237411553230102,,success,2012-03-27 14:54:29 UTC,2012-03-27 14:54:29 UTC
466,404,4670909617325392,,success,2012-03-27 14:54:29 UTC,2012-03-27 14:54:29 UTC
467,405,4982271863037329,,success,2012-03-27 14:54:29 UTC,2012-03-27 14:54:29 UTC
468,406,4409081139834149,,success,2012-03-27 14:54:29 UTC,2012-03-27 14:54:29 UTC
469,407,4772112318638143,,success,2012-03-27 14:54:29 UTC,2012-03-27 14:54:29 UTC
470,408,4576032849833667,,success,2012-03-27 14:54:29 UTC,2012-03-27 14:54:29 UTC
471,409,4179331076492150,,failed,2012-03-27 14:54:29 UTC,2012-03-27 14:54:29 UTC
472,409,4170449150794882,,failed,2012-03-27 14:54:29 UTC,2012-03-27 14:54:29 UTC
473,410,4189038380135673,,failed,2012-03-27 14:54:30 UTC,2012-03-27 14:54:30 UTC
474,410,4557500597965519,,success,2012-03-27 14:54:30 UTC,2012-03-27 14:54:30 UTC
475,411,4242021952853334,,success,2012-03-27 14:54:30 UTC,2012-03-27 14:54:30 UTC
476,412,4006823062175140,,failed,2012-03-27 14:54:30 UTC,2012-03-27 14:54:30 UTC
477,412,4011860001333020,,failed,2012-03-27 14:54:30 UTC,2012-03-27 14:54:30 UTC
478,412,4284309334357511,,success,2012-03-27 14:54:30 UTC,2012-03-27 14:54:30 UTC
479,413,4743057685016775,,success,2012-03-27 14:54:30 UTC,2012-03-27 14:54:30 UTC
480,414,4845802545825510,,success,2012-03-27 14:54:30 UTC,2012-03-27 14:54:30 UTC
481,415,4788827108913488,,success,2012-03-27 14:54:30 UTC,2012-03-27 14:54:30 UTC
482,416,4750690883920951,,success,2012-03-27 14:54:30 UTC,2012-03-27 14:54:30 UTC
483,417,4058832951966871,,failed,2012-03-27 14:54:30 UTC,2012-03-27 14:54:30 UTC
484,417,4004062047154782,,success,2012-03-27 14:54:30 UTC,2012-03-27 14:54:30 UTC
485,418,4378334996285072,,failed,2012-03-27 14:54:30 UTC,2012-03-27 14:54:30 UTC
486,418,4681075117862071,,failed,2012-03-27 14:54:30 UTC,2012-03-27 14:54:30 UTC
487,418,4423934864261888,,success,2012-03-27 14:54:30 UTC,2012-03-27 14:54:30 UTC
488,419,4711546789324369,,success,2012-03-27 14:54:30 UTC,2012-03-27 14:54:30 UTC
489,420,4051937646842910,,success,2012-03-27 14:54:30 UTC,2012-03-27 14:54:30 UTC
490,421,4847084411677960,,success,2012-03-27 14:54:30 UTC,2012-03-27 14:54:30 UTC
491,422,4650194439905769,,success,2012-03-27 14:54:30 UTC,2012-03-27 14:54:30 UTC
492,423,4304683556729270,,success,2012-03-27 14:54:30 UTC,2012-03-27 14:54:30 UTC
493,424,4255595327897479,,success,2012-03-27 14:54:30 UTC,2012-03-27 14:54:30 UTC
494,425,4439813776690490,,success,2012-03-27 14:54:30 UTC,2012-03-27 14:54:30 UTC
495,426,4869237725166506,,success,2012-03-27 14:54:30 UTC,2012-03-27 14:54:30 UTC
496,427,4882164975710606,,success,2012-03-27 14:54:30 UTC,2012-03-27 14:54:30 UTC
497,428,4965382844912704,,success,2012-03-27 14:54:31 UTC,2012-03-27 14:54:31 UTC
498,429,4551296173100729,,success,2012-03-27 14:54:31 UTC,2012-03-27 14:54:31 UTC
499,430,4707283603460248,,failed,2012-03-27 14:54:31 UTC,2012-03-27 14:54:31 UTC
500,430,4965089165428672,,failed,2012-03-27 14:54:31 UTC,2012-03-27 14:54:31 UTC
501,430,4036398064914350,,success,2012-03-27 14:54:31 UTC,2012-03-27 14:54:31 UTC
502,431,4778982632610295,,success,2012-03-27 14:54:31 UTC,2012-03-27 14:54:31 UTC
503,432,4870601195394267,,success,2012-03-27 14:54:31 UTC,2012-03-27 14:54:31 UTC
504,433,4073444349341969,,success,2012-03-27 14:54:31 UTC,2012-03-27 14:54:31 UTC
505,435,4052140653563673,,success,2012-03-27 14:54:31 UTC,2012-03-27 14:54:31 UTC
506,436,4838328765032426,,success,2012-03-27 14:54:31 UTC,2012-03-27 14:54:31 UTC
507,437,4104375068319380,,success,2012-03-27 14:54:31 UTC,2012-03-27 14:54:31 UTC
508,438,4698136027068959,,success,2012-03-27 14:54:31 UTC,2012-03-27 14:54:31 UTC
509,439,4219339517634508,,success,2012-03-27 14:54:31 UTC,2012-03-27 14:54:31 UTC
510,440,4286817969495673,,success,2012-03-27 14:54:31 UTC,2012-03-27 14:54:31 UTC
511,441,4553694146818488,,success,2012-03-27 14:54:31 UTC,2012-03-27 14:54:31 UTC
512,442,4271289009909053,,success,2012-03-27 14:54:31 UTC,2012-03-27 14:54:31 UTC
513,443,4727936278343534,,success,2012-03-27 14:54:31 UTC,2012-03-27 14:54:31 UTC
514,444,4124797129904638,,success,2012-03-27 14:54:31 UTC,2012-03-27 14:54:31 UTC
515,445,4912612324381547,,success,2012-03-27 14:54:31 UTC,2012-03-27 14:54:31 UTC
516,446,4127246987023022,,success,2012-03-27 14:54:31 UTC,2012-03-27 14:54:31 UTC
517,447,4093622604474775,,failed,2012-03-27 14:54:31 UTC,2012-03-27 14:54:31 UTC
518,447,4776323147440577,,failed,2012-03-27 14:54:31 UTC,2012-03-27 14:54:31 UTC
519,447,4542682589062037,,success,2012-03-27 14:54:31 UTC,2012-03-27 14:54:31 UTC
520,448,4418115364392192,,success,2012-03-27 14:54:31 UTC,2012-03-27 14:54:31 UTC
521,449,4874405051040924,,success,2012-03-27 14:54:32 UTC,2012-03-27 14:54:32 UTC
522,450,4864611467914747,,success,2012-03-27 14:54:32 UTC,2012-03-27 14:54:32 UTC
523,451,4654597552012128,,success,2012-03-27 14:54:32 UTC,2012-03-27 14:54:32 UTC
524,452,4985681320658735,,failed,2012-03-27 14:54:32 UTC,2012-03-27 14:54:32 UTC
525,452,4913134237027084,,failed,2012-03-27 14:54:32 UTC,2012-03-27 14:54:32 UTC
526,452,4363195073556118,,success,2012-03-27 14:54:32 UTC,2012-03-27 14:54:32 UTC
527,453,4823695368896733,,failed,2012-03-27 14:54:32 UTC,2012-03-27 14:54:32 UTC
528,453,4659365762645045,,failed,2012-03-27 14:54:32 UTC,2012-03-27 14:54:32 UTC
529,454,4983017106471539,,success,2012-03-27 14:54:32 UTC,2012-03-27 14:54:32 UTC
530,455,4728261295335282,,success,2012-03-27 14:54:32 UTC,2012-03-27 14:54:32 UTC
531,456,4577626902145682,,failed,2012-03-27 14:54:32 UTC,2012-03-27 14:54:32 UTC
532,456,4862484652699347,,failed,2012-03-27 14:54:32 UTC,2012-03-27 14:54:32 UTC
533,456,4950100632221642,,success,2012-03-27 14:54:32 UTC,2012-03-27 14:54:32 UTC
534,457,4760156529760274,,success,2012-03-27 14:54:32 UTC,2012-03-27 14:54:32 UTC
535,458,4673878483022826,,success,2012-03-27 14:54:32 UTC,2012-03-27 14:54:32 UTC
536,459,4347291761902562,,success,2012-03-27 14:54:32 UTC,2012-03-27 14:54:32 UTC
537,460,4072245466551189,,failed,2012-03-27 14:54:32 UTC,2012-03-27 14:54:32 UTC
538,461,4112953953374028,,success,2012-03-27 14:54:32 UTC,2012-03-27 14:54:32 UTC
539,462,4074174838937783,,success,2012-03-27 14:54:32 UTC,2012-03-27 14:54:32 UTC
540,463,4661087692530618,,success,2012-03-27 14:54:32 UTC,2012-03-27 14:54:32 UTC
541,464,4042033132168777,,success,2012-03-27 14:54:32 UTC,2012-03-27 14:54:32 UTC
542,465,4677868897376114,,success,2012-03-27 14:54:32 UTC,2012-03-27 14:54:32 UTC
543,466,4384801182862043,,success,2012-03-27 14:54:32 UTC,2012-03-27 14:54:32 UTC
544,467,4494143649530837,,success,2012-03-27 14:54:32 UTC,2012-03-27 14:54:32 UTC
545,468,4599450592337028,,success,2012-03-27 14:54:32 UTC,2012-03-27 14:54:32 UTC
546,469,4240477726569129,,success,2012-03-27 14:54:32 UTC,2012-03-27 14:54:32 UTC
547,470,4008078320991521,,success,2012-03-27 14:54:32 UTC,2012-03-27 14:54:32 UTC
548,471,4939311923096865,,success,2012-03-27 14:54:33 UTC,2012-03-27 14:54:33 UTC
549,472,4933180148207017,,success,2012-03-27 14:54:33 UTC,2012-03-27 14:54:33 UTC
550,473,4875025941837466,,success,2012-03-27 14:54:33 UTC,2012-03-27 14:54:33 UTC
551,474,4313791560495607,,success,2012-03-27 14:54:33 UTC,2012-03-27 14:54:33 UTC
552,475,4349509297473781,,success,2012-03-27 14:54:33 UTC,2012-03-27 14:54:33 UTC
553,476,4201768753701054,,success,2012-03-27 14:54:33 UTC,2012-03-27 14:54:33 UTC
554,477,4924141163516461,,failed,2012-03-27 14:54:33 UTC,2012-03-27 14:54:33 UTC
555,477,4832997029927437,,failed,2012-03-27 14:54:33 UTC,2012-03-27 14:54:33 UTC
556,477,4591393036484699,,success,2012-03-27 14:54:33 UTC,2012-03-27 14:54:33 UTC
557,478,4974436811312032,,success,2012-03-27 14:54:33 UTC,2012-03-27 14:54:33 UTC
558,479,4566590917267619,,success,2012-03-27 14:54:33 UTC,2012-03-27 14:54:33 UTC
559,480,4278158831866773,,success,2012-03-27 14:54:33 UTC,2012-03-27 14:54:33 UTC
560,481,4757481873178790,,failed,2012-03-27 14:54:33 UTC,2012-03-27 14:54:33 UTC
561,481,4793292158556012,,failed,2012-03-27 14:54:33 UTC,2012-03-27 14:54:33 UTC
562,481,4709480883219570,,success,2012-03-27 14:54:33 UTC,2012-03-27 14:54:33 UTC
563,482,4474100733084984,,success,2012-03-27 14:54:33 UTC,2012-03-27 14:54:33 UTC
564,483,4614703629246147,,success,2012-03-27 14:54:33 UTC,2012-03-27 14:54:33 UTC
565,484,4095969647732484,,failed,2012-03-27 14:54:33 UTC,2012-03-27 14:54:33 UTC
566,484,4233680020341777,,failed,2012-03-27 14:54:33 UTC,2012-03-27 14:54:33 UTC
567,484,4909708510401493,,success,2012-03-27 14:54:33 UTC,2012-03-27 14:54:33 UTC
568,485,4801737317058292,,failed,2012-03-27 14:54:33 UTC,2012-03-27 14:54:33 UTC
569,485,4328631324047779,,success,2012-03-27 14:54:33 UTC,2012-03-27 14:54:33 UTC
570,486,4095083669416076,,failed,2012-03-27 14:54:33 UTC,2012-03-27 14:54:33 UTC
571,486,4615580960118366,,failed,2012-03-27 14:54:33 UTC,2012-03-27 14:54:33 UTC
572,486,4666328496552067,,success,2012-03-27 14:54:33 UTC,2012-03-27 14:54:33 UTC
573,487,4813488950577406,,success,2012-03-27 14:54:33 UTC,2012-03-27 14:54:33 UTC
574,488,4038812686455932,,success,2012-03-27 14:54:33 UTC,2012-03-27 14:54:33 UTC
575,489,4405868249211021,,failed,2012-03-27 14:54:33 UTC,2012-03-27 14:54:33 UTC
576,489,4279411261698225,,failed,2012-03-27 14:54:33 UTC,2012-03-27 14:54:33 UTC
577,489,4629321882210993,,success,2012-03-27 14:54:33 UTC,2012-03-27 14:54:33 UTC
578,490,4724706709638975,,success,2012-03-27 14:54:33 UTC,2012-03-27 14:54:33 UTC
579,491,4284333125874803,,success,2012-03-27 14:54:33 UTC,2012-03-27 14:54:33 UTC
580,492,4144969678290663,,success,2012-03-27 14:54:34 UTC,2012-03-27 14:54:34 UTC
581,493,4890435812560615,,success,2012-03-27 14:54:34 UTC,2012-03-27 14:54:34 UTC
582,494,4004521650323192,,success,2012-03-27 14:54:34 UTC,2012-03-27 14:54:34 UTC
583,495,4806885239425636,,success,2012-03-27 14:54:34 UTC,2012-03-27 14:54:34 UTC
584,496,4403996434633501,,success,2012-03-27 14:54:34 UTC,2012-03-27 14:54:34 UTC
585,497,4510219592015201,,success,2012-03-27 14:54:34 UTC,2012-03-27 14:54:34 UTC
586,498,4758132112949753,,failed,2012-03-27 14:54:34 UTC,2012-03-27 14:54:34 UTC
587,499,4488927508496490,,success,2012-03-27 14:54:34 UTC,2012-03-27 14:54:34 UTC
588,500,4555841584206350,,failed,2012-03-27 14:54:34 UTC,2012-03-27 14:54:34 UTC
589,500,4450143441478941,,failed,2012-03-27 14:54:34 UTC,2012-03-27 14:54:34 UTC
590,500,4107882922537988,,success,2012-03-27 14:54:34 UTC,2012-03-27 14:54:34 UTC
591,501,4306308939390762,,success,2012-03-27 14:54:34 UTC,2012-03-27 14:54:34 UTC
592,502,4029750702989928,,failed,2012-03-27 14:54:34 UTC,2012-03-27 14:54:34 UTC
593,502,4534957084022729,,success,2012-03-27 14:54:34 UTC,2012-03-27 14:54:34 UTC
594,503,4042525961945526,,success,2012-03-27 14:54:34 UTC,2012-03-27 14:54:34 UTC
595,505,4446334283953065,,failed,2012-03-27 14:54:34 UTC,2012-03-27 14:54:34 UTC
596,505,4052336417237312,,failed,2012-03-27 14:54:34 UTC,2012-03-27 14:54:34 UTC
597,505,4738056074007414,,success,2012-03-27 14:54:34 UTC,2012-03-27 14:54:34 UTC
598,506,4563404670297679,,failed,2012-03-27 14:54:34 UTC,2012-03-27 14:54:34 UTC
599,506,4347897037063593,,failed,2012-03-27 14:54:34 UTC,2012-03-27 14:54:34 UTC
600,507,4397368521033353,,success,2012-03-27 14:54:34 UTC,2012-03-27 14:54:34 UTC
601,508,4677311340633315,,success,2012-03-27 14:54:34 UTC,2012-03-27 14:54:34 UTC
602,509,4166329744783919,,success,2012-03-27 14:54:34 UTC,2012-03-27 14:54:34 UTC
603,510,4601997521979549,,success,2012-03-27 14:54:34 UTC,2012-03-27 14:54:34 UTC
604,511,4506566439408975,,success,2012-03-27 14:54:34 UTC,2012-03-27 14:54:34 UTC
605,512,4945446579415808,,success,2012-03-27 14:54:35 UTC,2012-03-27 14:54:35 UTC
606,513,4203279023483847,,success,2012-03-27 14:54:35 UTC,2012-03-27 14:54:35 UTC
607,514,4298693761475802,,failed,2012-03-27 14:54:35 UTC,2012-03-27 14:54:35 UTC
608,514,4559596336785539,,failed,2012-03-27 14:54:35 UTC,2012-03-27 14:54:35 UTC
609,514,4196919001378182,,success,2012-03-27 14:54:35 UTC,2012-03-27 14:54:35 UTC
610,515,4255350188833409,,success,2012-03-27 14:54:35 UTC,2012-03-27 14:54:35 UTC
611,516,4054351312118885,,success,2012-03-27 14:54:35 UTC,2012-03-27 14:54:35 UTC
612,517,4063415652495652,,success,2012-03-27 14:54:35 UTC,2012-03-27 14:54:35 UTC
613,518,4220264771208359,,failed,2012-03-27 14:54:35 UTC,2012-03-27 14:54:35 UTC
614,518,4788537635717877,,failed,2012-03-27 14:54:35 UTC,2012-03-27 14:54:35 UTC
615,518,4777929462112914,,success,2012-03-27 14:54:35 UTC,2012-03-27 14:54:35 UTC
616,519,4698153705375857,,success,2012-03-27 14:54:35 UTC,2012-03-27 14:54:35 UTC
617,520,4261978364499473,,success,2012-03-27 14:54:35 UTC,2012-03-27 14:54:35 UTC
618,521,4044153136263215,,success,2012-03-27 14:54:35 UTC,2012-03-27 14:54:35 UTC
619,522,4714210436279085,,failed,2012-03-27 14:54:35 UTC,2012-03-27 14:54:35 UTC
620,522,4752102419959461,,failed,2012-03-27 14:54:35 UTC,2012-03-27 14:54:35 UTC
621,522,4330964198848353,,success,2012-03-27 14:54:35 UTC,2012-03-27 14:54:35 UTC
622,523,4336493442587536,,success,2012-03-27 14:54:35 UTC,2012-03-27 14:54:35 UTC
623,524,4712775363807846,,success,2012-03-27 14:54:35 UTC,2012-03-27 14:54:35 UTC
624,525,4943683785239340,,success,2012-03-27 14:54:35 UTC,2012-03-27 14:54:35 UTC
625,526,4170889160782349,,success,2012-03-27 14:54:35 UTC,2012-03-27 14:54:35 UTC
626,527,4547816228665348,,success,2012-03-27 14:54:35 UTC,2012-03-27 14:54:35 UTC
627,528,4966322448077219,,success,2012-03-27 14:54:35 UTC,2012-03-27 14:54:35 UTC
628,529,4678728320696122,,success,2012-03-27 14:54:35 UTC,2012-03-27 14:54:35 UTC
629,530,4643482446056225,,success,2012-03-27 14:54:35 UTC,2012-03-27 14:54:35 UTC
630,531,4866504119598997,,success,2012-03-27 14:54:35 UTC,2012-03-27 14:54:35 UTC
631,532,4495845718663786,,success,2012-03-27 14:54:35 UTC,2012-03-27 14:54:35 UTC
632,533,4185140421862129,,success,2012-03-27 14:54:35 UTC,2012-03-27 14:54:35 UTC
633,534,4805189462546457,,success,2012-03-27 14:54:35 UTC,2012-03-27 14:54:35 UTC
634,535,4120682138704191,,failed,2012-03-27 14:54:35 UTC,2012-03-27 14:54:35 UTC
635,535,4086808012118801,,success,2012-03-27 14:54:35 UTC,2012-03-27 14:54:35 UTC
636,536,4688876450428840,,success,2012-03-27 14:54:35 UTC,2012-03-27 14:54:35 UTC
637,537,4952444717950572,,failed,2012-03-27 14:54:35 UTC,2012-03-27 14:54:35 UTC
638,538,4642033550501895,,failed,2012-03-27 14:54:36 UTC,2012-03-27 14:54:36 UTC
639,538,4267528971617874,,success,2012-03-27 14:54:36 UTC,2012-03-27 14:54:36 UTC
640,539,4423626259754094,,success,2012-03-27 14:54:36 UTC,2012-03-27 14:54:36 UTC
641,540,4852124204967750,,success,2012-03-27 14:54:36 UTC,2012-03-27 14:54:36 UTC
642,541,4463849412813618,,success,2012-03-27 14:54:36 UTC,2012-03-27 14:54:36 UTC
643,542,4307736720542958,,success,2012-03-27 14:54:36 UTC,2012-03-27 14:54:36 UTC
644,543,4942743805731210,,success,2012-03-27 14:54:36 UTC,2012-03-27 14:54:36 UTC
645,544,4192249567684993,,success,2012-03-27 14:54:36 UTC,2012-03-27 14:54:36 UTC
646,545,4462095742361860,,success,2012-03-27 14:54:36 UTC,2012-03-27 14:54:36 UTC
647,546,4995739426869056,,success,2012-03-27 14:54:36 UTC,2012-03-27 14:54:36 UTC
648,547,4515567929578846,,success,2012-03-27 14:54:36 UTC,2012-03-27 14:54:36 UTC
649,548,4773841830855664,,success,2012-03-27 14:54:36 UTC,2012-03-27 14:54:36 UTC
650,549,4241443583743506,,failed,2012-03-27 14:54:36 UTC,2012-03-27 14:54:36 UTC
651,550,4570287046075377,,success,2012-03-27 14:54:36 UTC,2012-03-27 14:54:36 UTC
652,551,4865992387968285,,success,2012-03-27 14:54:36 UTC,2012-03-27 14:54:36 UTC
653,552,4353648121874551,,success,2012-03-27 14:54:36 UTC,2012-03-27 14:54:36 UTC
654,553,4594792131321396,,success,2012-03-27 14:54:36 UTC,2012-03-27 14:54:36 UTC
655,554,4305567116526381,,success,2012-03-27 14:54:36 UTC,2012-03-27 14:54:36 UTC
656,555,4484311435794803,,success,2012-03-27 14:54:36 UTC,2012-03-27 14:54:36 UTC
657,556,4650746093473078,,success,2012-03-27 14:54:36 UTC,2012-03-27 14:54:36 UTC
658,557,4671578248144019,,success,2012-03-27 14:54:36 UTC,2012-03-27 14:54:36 UTC
659,558,4843374209038783,,success,2012-03-27 14:54:36 UTC,2012-03-27 14:54:36 UTC
660,559,4316994834569072,,success,2012-03-27 14:54:36 UTC,2012-03-27 14:54:36 UTC
661,560,4132155552624046,,success,2012-03-27 14:54:36 UTC,2012-03-27 14:54:36 UTC
662,561,4831648116442908,,success,2012-03-27 14:54:36 UTC,2012-03-27 14:54:36 UTC
663,562,4171665356341272,,success,2012-03-27 14:54:37 UTC,2012-03-27 14:54:37 UTC
664,563,4277710775917652,,success,2012-03-27 14:54:37 UTC,2012-03-27 14:54:37 UTC
665,564,4850068448129947,,success,2012-03-27 14:54:37 UTC,2012-03-27 14:54:37 UTC
666,565,4168750227440598,,success,2012-03-27 14:54:37 UTC,2012-03-27 14:54:37 UTC
667,566,4634933814595999,,success,2012-03-27 14:54:37 UTC,2012-03-27 14:54:37 UTC
668,567,4366718940715142,,success,2012-03-27 14:54:37 UTC,2012-03-27 14:54:37 UTC
669,568,4399995194214027,,success,2012-03-27 14:54:37 UTC,2012-03-27 14:54:37 UTC
670,569,4032581175073625,,success,2012-03-27 14:54:37 UTC,2012-03-27 14:54:37 UTC
671,570,4466201937694956,,success,2012-03-27 14:54:37 UTC,2012-03-27 14:54:37 UTC
672,571,4509373539632289,,success,2012-03-27 14:54:37 UTC,2012-03-27 14:54:37 UTC
673,572,4832529964670752,,success,2012-03-27 14:54:37 UTC,2012-03-27 14:54:37 UTC
674,573,4815428581020607,,success,2012-03-27 14:54:37 UTC,2012-03-27 14:54:37 UTC
675,574,4898957994642691,,success,2012-03-27 14:54:37 UTC,2012-03-27 14:54:37 UTC
676,575,4075598319900810,,failed,2012-03-27 14:54:37 UTC,2012-03-27 14:54:37 UTC
677,576,4078764089349915,,failed,2012-03-27 14:54:37 UTC,2012-03-27 14:54:37 UTC
678,576,4590276758647003,,success,2012-03-27 14:54:37 UTC,2012-03-27 14:54:37 UTC
679,577,4335421554493996,,success,2012-03-27 14:54:37 UTC,2012-03-27 14:54:37 UTC
680,578,4794747954678421,,success,2012-03-27 14:54:37 UTC,2012-03-27 14:54:37 UTC
681,579,4323663900785430,,success,2012-03-27 14:54:37 UTC,2012-03-27 14:54:37 UTC
682,580,4832880970977329,,success,2012-03-27 14:54:37 UTC,2012-03-27 14:54:37 UTC
683,581,4265807522567890,,success,2012-03-27 14:54:37 UTC,2012-03-27 14:54:37 UTC
684,582,4546781803565665,,success,2012-03-27 14:54:38 UTC,2012-03-27 14:54:38 UTC
685,583,4635509236518405,,success,2012-03-27 14:54:38 UTC,2012-03-27 14:54:38 UTC
686,584,4699557934337096,,success,2012-03-27 14:54:38 UTC,2012-03-27 14:54:38 UTC
687,585,4317509688142892,,success,2012-03-27 14:54:38 UTC,2012-03-27 14:54:38 UTC
688,586,4151870454147692,,success,2012-03-27 14:54:38 UTC,2012-03-27 14:54:38 UTC
689,587,4428678304437285,,success,2012-03-27 14:54:38 UTC,2012-03-27 14:54:38 UTC
690,588,4585565331811775,,failed,2012-03-27 14:54:38 UTC,2012-03-27 14:54:38 UTC
691,588,4252429808735878,,success,2012-03-27 14:54:38 UTC,2012-03-27 14:54:38 UTC
692,589,4967546609610649,,success,2012-03-27 14:54:38 UTC,2012-03-27 14:54:38 UTC
693,590,4140096334269119,,success,2012-03-27 14:54:38 UTC,2012-03-27 14:54:38 UTC
694,591,4326802996372573,,success,2012-03-27 14:54:38 UTC,2012-03-27 14:54:38 UTC
695,592,4954459966793058,,success,2012-03-27 14:54:38 UTC,2012-03-27 14:54:38 UTC
696,593,4904642578394239,,success,2012-03-27 14:54:38 UTC,2012-03-27 14:54:38 UTC
697,594,4664311422949356,,success,2012-03-27 14:54:38 UTC,2012-03-27 14:54:38 UTC
698,595,4231810820913107,,success,2012-03-27 14:54:38 UTC,2012-03-27 14:54:38 UTC
699,596,4826670029947851,,success,2012-03-27 14:54:38 UTC,2012-03-27 14:54:38 UTC
700,597,4700726876820778,,success,2012-03-27 14:54:38 UTC,2012-03-27 14:54:38 UTC
701,598,4690960007787847,,failed,2012-03-27 14:54:38 UTC,2012-03-27 14:54:38 UTC
702,598,4130494769992369,,success,2012-03-27 14:54:38 UTC,2012-03-27 14:54:38 UTC
703,599,4146348739616441,,success,2012-03-27 14:54:38 UTC,2012-03-27 14:54:38 UTC
704,600,4782624994234644,,success,2012-03-27 14:54:38 UTC,2012-03-27 14:54:38 UTC
705,601,4278144842242071,,success,2012-03-27 14:54:39 UTC,2012-03-27 14:54:39 UTC
706,602,4339008336257294,,failed,2012-03-27 14:54:39 UTC,2012-03-27 14:54:39 UTC
707,602,4577777285685185,,failed,2012-03-27 14:54:39 UTC,2012-03-27 14:54:39 UTC
708,602,4981910074007961,,success,2012-03-27 14:54:39 UTC,2012-03-27 14:54:39 UTC
709,603,4721599027025420,,success,2012-03-27 14:54:39 UTC,2012-03-27 14:54:39 UTC
710,604,4710976907612289,,success,2012-03-27 14:54:39 UTC,2012-03-27 14:54:39 UTC
711,605,4038260092993996,,failed,2012-03-27 14:54:39 UTC,2012-03-27 14:54:39 UTC
712,605,4109090551518484,,success,2012-03-27 14:54:39 UTC,2012-03-27 14:54:39 UTC
713,606,4537885395054440,,failed,2012-03-27 14:54:39 UTC,2012-03-27 14:54:39 UTC
714,606,4140378561661233,,success,2012-03-27 14:54:39 UTC,2012-03-27 14:54:39 UTC
715,607,4718469696944117,,success,2012-03-27 14:54:39 UTC,2012-03-27 14:54:39 UTC
716,608,4257850371899690,,success,2012-03-27 14:54:39 UTC,2012-03-27 14:54:39 UTC
717,609,4817959515859911,,success,2012-03-27 14:54:39 UTC,2012-03-27 14:54:39 UTC
718,610,4205643144530370,,failed,2012-03-27 14:54:39 UTC,2012-03-27 14:54:39 UTC
719,610,4796341979894461,,failed,2012-03-27 14:54:39 UTC,2012-03-27 14:54:39 UTC
720,611,4880023405451143,,success,2012-03-27 14:54:39 UTC,2012-03-27 14:54:39 UTC
721,612,4008289262576875,,success,2012-03-27 14:54:39 UTC,2012-03-27 14:54:39 UTC
722,613,4779725965774016,,success,2012-03-27 14:54:39 UTC,2012-03-27 14:54:39 UTC
723,614,4095706968436565,,success,2012-03-27 14:54:39 UTC,2012-03-27 14:54:39 UTC
724,615,4123951960299710,,success,2012-03-27 14:54:39 UTC,2012-03-27 14:54:39 UTC
725,616,4113042535073161,,failed,2012-03-27 14:54:39 UTC,2012-03-27 14:54:39 UTC
726,616,4942742015637761,,failed,2012-03-27 14:54:39 UTC,2012-03-27 14:54:39 UTC
727,616,4022442728460580,,success,2012-03-27 14:54:39 UTC,2012-03-27 14:54:39 UTC
728,617,4291450992909083,,failed,2012-03-27 14:54:39 UTC,2012-03-27 14:54:39 UTC
729,617,4912210949646860,,failed,2012-03-27 14:54:39 UTC,2012-03-27 14:54:39 UTC
730,618,4630394286589043,,failed,2012-03-27 14:54:39 UTC,2012-03-27 14:54:39 UTC
731,618,4351285639336031,,failed,2012-03-27 14:54:39 UTC,2012-03-27 14:54:39 UTC
732,618,4866783406710713,,success,2012-03-27 14:54:39 UTC,2012-03-27 14:54:39 UTC
733,619,4976241812853735,,success,2012-03-27 14:54:39 UTC,2012-03-27 14:54:39 UTC
734,620,4688836271207179,,success,2012-03-27 14:54:39 UTC,2012-03-27 14:54:39 UTC
735,621,4842165653656668,,success,2012-03-27 14:54:39 UTC,2012-03-27 14:54:39 UTC
736,622,4891932940232971,,failed,2012-03-27 14:54:40 UTC,2012-03-27 14:54:40 UTC
737,622,4282586578361723,,failed,2012-03-27 14:54:40 UTC,2012-03-27 14:54:40 UTC
738,623,4410386582205663,,success,2012-03-27 14:54:40 UTC,2012-03-27 14:54:40 UTC
739,624,4912212007446264,,success,2012-03-27 14:54:40 UTC,2012-03-27 14:54:40 UTC
740,625,4395109345757301,,success,2012-03-27 14:54:40 UTC,2012-03-27 14:54:40 UTC
741,626,4973567185558234,,success,2012-03-27 14:54:40 UTC,2012-03-27 14:54:40 UTC
742,627,4887025471331610,,success,2012-03-27 14:54:40 UTC,2012-03-27 14:54:40 UTC
743,628,4029773143235619,,failed,2012-03-27 14:54:40 UTC,2012-03-27 14:54:40 UTC
744,628,4260278497266609,,failed,2012-03-27 14:54:40 UTC,2012-03-27 14:54:40 UTC
745,629,4059854795565673,,success,2012-03-27 14:54:40 UTC,2012-03-27 14:54:40 UTC
746,630,4150042223247163,,success,2012-03-27 14:54:40 UTC,2012-03-27 14:54:40 UTC
747,631,4895104936255024,,success,2012-03-27 14:54:40 UTC,2012-03-27 14:54:40 UTC
748,632,4205165462552844,,success,2012-03-27 14:54:40 UTC,2012-03-27 14:54:40 UTC
749,633,4984579637193979,,success,2012-03-27 14:54:40 UTC,2012-03-27 14:54:40 UTC
750,634,4414900843942170,,success,2012-03-27 14:54:40 UTC,2012-03-27 14:54:40 UTC
751,635,4942007979700316,,success,2012-03-27 14:54:40 UTC,2012-03-27 14:54:40 UTC
752,636,4077586818077088,,success,2012-03-27 14:54:40 UTC,2012-03-27 14:54:40 UTC
753,637,4269873055516173,,failed,2012-03-27 14:54:40 UTC,2012-03-27 14:54:40 UTC
754,637,4266155444427886,,failed,2012-03-27 14:54:40 UTC,2012-03-27 14:54:40 UTC
755,638,4575105481228643,,success,2012-03-27 14:54:40 UTC,2012-03-27 14:54:40 UTC
756,639,4542935910934039,,success,2012-03-27 14:54:40 UTC,2012-03-27 14:54:40 UTC
757,640,4144374181396484,,success,2012-03-27 14:54:40 UTC,2012-03-27 14:54:40 UTC
758,641,4580189891098937,,success,2012-03-27 14:54:40 UTC,2012-03-27 14:54:40 UTC
759,642,4534870216643474,,success,2012-03-27 14:54:40 UTC,2012-03-27 14:54:40 UTC
760,643,4636550838057962,,success,2012-03-27 14:54:40 UTC,2012-03-27 14:54:40 UTC
761,644,4761293038866126,,success,2012-03-27 14:54:40 UTC,2012-03-27 14:54:40 UTC
762,645,4570223163493362,,failed,2012-03-27 14:54:40 UTC,2012-03-27 14:54:40 UTC
763,646,4470871652860563,,success,2012-03-27 14:54:40 UTC,2012-03-27 14:54:40 UTC
764,647,4317243670256884,,success,2012-03-27 14:54:40 UTC,2012-03-27 14:54:40 UTC
765,648,4734056533514077,,success,2012-03-27 14:54:40 UTC,2012-03-27 14:54:40 UTC
766,649,4412945796120756,,success,2012-03-27 14:54:41 UTC,2012-03-27 14:54:41 UTC
767,650,4616903285894440,,success,2012-03-27 14:54:41 UTC,2012-03-27 14:54:41 UTC
768,651,4745452161270240,,success,2012-03-27 14:54:41 UTC,2012-03-27 14:54:41 UTC
769,652,4417811830697325,,success,2012-03-27 14:54:41 UTC,2012-03-27 14:54:41 UTC
770,653,4758479599043495,,success,2012-03-27 14:54:41 UTC,2012-03-27 14:54:41 UTC
771,654,4538337048465967,,success,2012-03-27 14:54:41 UTC,2012-03-27 14:54:41 UTC
772,655,4379664243088249,,success,2012-03-27 14:54:41 UTC,2012-03-27 14:54:41 UTC
773,656,4080078119263045,,success,2012-03-27 14:54:41 UTC,2012-03-27 14:54:41 UTC
774,657,4932695224565914,,success,2012-03-27 14:54:41 UTC,2012-03-27 14:54:41 UTC
775,658,4227691876597519,,success,2012-03-27 14:54:41 UTC,2012-03-27 14:54:41 UTC
776,659,4594272855939183,,success,2012-03-27 14:54:41 UTC,2012-03-27 14:54:41 UTC
777,660,4402208825577825,,success,2012-03-27 14:54:41 UTC,2012-03-27 14:54:41 UTC
778,661,4231243990665671,,success,2012-03-27 14:54:41 UTC,2012-03-27 14:54:41 UTC
779,662,4386121812484733,,success,2012-03-27 14:54:41 UTC,2012-03-27 14:54:41 UTC
780,663,4683191534295840,,success,2012-03-27 14:54:41 UTC,2012-03-27 14:54:41 UTC
781,664,4911772531763934,,success,2012-03-27 14:54:41 UTC,2012-03-27 14:54:41 UTC
782,665,4474462670616831,,success,2012-03-27 14:54:41 UTC,2012-03-27 14:54:41 UTC
783,666,4924249450566951,,success,2012-03-27 14:54:41 UTC,2012-03-27 14:54:41 UTC
784,667,4808874199268605,,success,2012-03-27 14:54:41 UTC,2012-03-27 14:54:41 UTC
785,668,4426668911373177,,success,2012-03-27 14:54:41 UTC,2012-03-27 14:54:41 UTC
786,669,4293823711256065,,success,2012-03-27 14:54:41 UTC,2012-03-27 14:54:41 UTC
787,670,4447205734152343,,success,2012-03-27 14:54:41 UTC,2012-03-27 14:54:41 UTC
788,671,4963586215835904,,success,2012-03-27 14:54:41 UTC,2012-03-27 14:54:41 UTC
789,672,4907081259347926,,success,2012-03-27 14:54:42 UTC,2012-03-27 14:54:42 UTC
790,673,4111839154983476,,success,2012-03-27 14:54:42 UTC,2012-03-27 14:54:42 UTC
791,674,4831645093310272,,success,2012-03-27 14:54:42 UTC,2012-03-27 14:54:42 UTC
792,675,4976036718556388,,success,2012-03-27 14:54:42 UTC,2012-03-27 14:54:42 UTC
793,676,4132418208851764,,success,2012-03-27 14:54:42 UTC,2012-03-27 14:54:42 UTC
794,677,4466459796514092,,success,2012-03-27 14:54:42 UTC,2012-03-27 14:54:42 UTC
795,678,4420125061514382,,success,2012-03-27 14:54:42 UTC,2012-03-27 14:54:42 UTC
796,679,4448533373120674,,failed,2012-03-27 14:54:42 UTC,2012-03-27 14:54:42 UTC
797,679,4232058202910597,,success,2012-03-27 14:54:42 UTC,2012-03-27 14:54:42 UTC
798,680,4397749942230429,,success,2012-03-27 14:54:42 UTC,2012-03-27 14:54:42 UTC
799,681,4896259698624179,,failed,2012-03-27 14:54:42 UTC,2012-03-27 14:54:42 UTC
800,681,4543251424882307,,success,2012-03-27 14:54:42 UTC,2012-03-27 14:54:42 UTC
801,682,4534881328664532,,success,2012-03-27 14:54:42 UTC,2012-03-27 14:54:42 UTC
802,683,4275166377583342,,success,2012-03-27 14:54:42 UTC,2012-03-27 14:54:42 UTC
803,684,4267865078606334,,success,2012-03-27 14:54:42 UTC,2012-03-27 14:54:42 UTC
804,685,4929717361439984,,failed,2012-03-27 14:54:42 UTC,2012-03-27 14:54:42 UTC
805,685,4446391279361660,,success,2012-03-27 14:54:42 UTC,2012-03-27 14:54:42 UTC
806,686,4631133000295383,,success,2012-03-27 14:54:42 UTC,2012-03-27 14:54:42 UTC
807,687,4589178515603688,,success,2012-03-27 14:54:42 UTC,2012-03-27 14:54:42 UTC
808,688,4768526448992678,,success,2012-03-27 14:54:42 UTC,2012-03-27 14:54:42 UTC
809,689,4698950410678755,,failed,2012-03-27 14:54:42 UTC,2012-03-27 14:54:42 UTC
810,689,4362059562324121,,success,2012-03-27 14:54:42 UTC,2012-03-27 14:54:42 UTC
811,690,4353645624378048,,success,2012-03-27 14:54:42 UTC,2012-03-27 14:54:42 UTC
812,691,4076736995529106,,success,2012-03-27 14:54:42 UTC,2012-03-27 14:54:42 UTC
813,692,4121704046592609,,success,2012-03-27 14:54:42 UTC,2012-03-27 14:54:42 UTC
814,693,4110496316583184,,success,2012-03-27 14:54:43 UTC,2012-03-27 14:54:43 UTC
815,694,4830465820357745,,success,2012-03-27 14:54:43 UTC,2012-03-27 14:54:43 UTC
816,695,4068650992435526,,success,2012-03-27 14:54:43 UTC,2012-03-27 14:54:43 UTC
817,696,4208121201499758,,failed,2012-03-27 14:54:43 UTC,2012-03-27 14:54:43 UTC
818,697,4371555370819157,,success,2012-03-27 14:54:43 UTC,2012-03-27 14:54:43 UTC
819,698,4079241948621898,,success,2012-03-27 14:54:43 UTC,2012-03-27 14:54:43 UTC
820,699,4323591131342442,,success,2012-03-27 14:54:43 UTC,2012-03-27 14:54:43 UTC
821,700,4991680910435343,,success,2012-03-27 14:54:43 UTC,2012-03-27 14:54:43 UTC
822,701,4891390607618973,,success,2012-03-27 14:54:43 UTC,2012-03-27 14:54:43 UTC
823,702,4659961794083051,,success,2012-03-27 14:54:43 UTC,2012-03-27 14:54:43 UTC
824,703,4716427898830728,,success,2012-03-27 14:54:43 UTC,2012-03-27 14:54:43 UTC
825,704,4019840237216327,,failed,2012-03-27 14:54:43 UTC,2012-03-27 14:54:43 UTC
826,704,4260708641178397,,success,2012-03-27 14:54:43 UTC,2012-03-27 14:54:43 UTC
827,705,4452295942389673,,success,2012-03-27 14:54:43 UTC,2012-03-27 14:54:43 UTC
828,706,4341343939919399,,success,2012-03-27 14:54:43 UTC,2012-03-27 14:54:43 UTC
829,707,4375588760794570,,success,2012-03-27 14:54:43 UTC,2012-03-27 14:54:43 UTC
830,708,4933885539650248,,failed,2012-03-27 14:54:43 UTC,2012-03-27 14:54:43 UTC
831,708,4116270015494881,,failed,2012-03-27 14:54:43 UTC,2012-03-27 14:54:43 UTC
832,708,4782033370841496,,success,2012-03-27 14:54:43 UTC,2012-03-27 14:54:43 UTC
833,709,4860245530688458,,success,2012-03-27 14:54:43 UTC,2012-03-27 14:54:43 UTC
834,710,4374741125865244,,failed,2012-03-27 14:54:43 UTC,2012-03-27 14:54:43 UTC
835,710,4179735024308247,,failed,2012-03-27 14:54:43 UTC,2012-03-27 14:54:43 UTC
836,710,4303817409124778,,success,2012-03-27 14:54:43 UTC,2012-03-27 14:54:43 UTC
837,711,4987789196504319,,success,2012-03-27 14:54:43 UTC,2012-03-27 14:54:43 UTC
838,712,4745066265602055,,success,2012-03-27 14:54:43 UTC,2012-03-27 14:54:43 UTC
839,713,4809407964750571,,success,2012-03-27 14:54:43 UTC,2012-03-27 14:54:43 UTC
840,714,4652342199543850,,success,2012-03-27 14:54:43 UTC,2012-03-27 14:54:43 UTC
841,715,4850007137561253,,success,2012-03-27 14:54:43 UTC,2012-03-27 14:54:43 UTC
842,716,4614049347218919,,success,2012-03-27 14:54:43 UTC,2012-03-27 14:54:43 UTC
843,717,4721900594314802,,success,2012-03-27 14:54:44 UTC,2012-03-27 14:54:44 UTC
844,718,4578520577367970,,failed,2012-03-27 14:54:44 UTC,2012-03-27 14:54:44 UTC
845,718,4057372727439346,,failed,2012-03-27 14:54:44 UTC,2012-03-27 14:54:44 UTC
846,718,4100688712564680,,success,2012-03-27 14:54:44 UTC,2012-03-27 14:54:44 UTC
847,719,4940649337166036,,success,2012-03-27 14:54:44 UTC,2012-03-27 14:54:44 UTC
848,720,4835109287520365,,success,2012-03-27 14:54:44 UTC,2012-03-27 14:54:44 UTC
849,721,4750744603730237,,success,2012-03-27 14:54:44 UTC,2012-03-27 14:54:44 UTC
850,722,4878287624322892,,success,2012-03-27 14:54:44 UTC,2012-03-27 14:54:44 UTC
851,723,4017790934827358,,success,2012-03-27 14:54:44 UTC,2012-03-27 14:54:44 UTC
852,724,4626276209047882,,success,2012-03-27 14:54:44 UTC,2012-03-27 14:54:44 UTC
853,725,4212057523805205,,success,2012-03-27 14:54:44 UTC,2012-03-27 14:54:44 UTC
854,726,4613443754600420,,failed,2012-03-27 14:54:44 UTC,2012-03-27 14:54:44 UTC
855,726,4054241129072612,,success,2012-03-27 14:54:44 UTC,2012-03-27 14:54:44 UTC
856,727,4792524886280693,,success,2012-03-27 14:54:44 UTC,2012-03-27 14:54:44 UTC
857,728,4161967797793030,,success,2012-03-27 14:54:44 UTC,2012-03-27 14:54:44 UTC
858,729,4175892849485619,,success,2012-03-27 14:54:44 UTC,2012-03-27 14:54:44 UTC
859,730,4068249987952161,,success,2012-03-27 14:54:44 UTC,2012-03-27 14:54:44 UTC
860,731,4306625029089722,,success,2012-03-27 14:54:44 UTC,2012-03-27 14:54:44 UTC
861,732,4709146566006113,,success,2012-03-27 14:54:44 UTC,2012-03-27 14:54:44 UTC
862,733,4996672922218437,,success,2012-03-27 14:54:44 UTC,2012-03-27 14:54:44 UTC
863,734,4170584707668864,,success,2012-03-27 14:54:44 UTC,2012-03-27 14:54:44 UTC
864,735,4822323582158540,,success,2012-03-27 14:54:44 UTC,2012-03-27 14:54:44 UTC
865,736,4577952537403958,,failed,2012-03-27 14:54:44 UTC,2012-03-27 14:54:44 UTC
866,736,4125114465329601,,failed,2012-03-27 14:54:44 UTC,2012-03-27 14:54:44 UTC
867,736,4785550194496416,,success,2012-03-27 14:54:44 UTC,2012-03-27 14:54:44 UTC
868,737,4049625150565676,,success,2012-03-27 14:54:44 UTC,2012-03-27 14:54:44 UTC
869,738,4197469916305746,,success,2012-03-27 14:54:44 UTC,2012-03-27 14:54:44 UTC
870,739,4184507294585378,,success,2012-03-27 14:54:44 UTC,2012-03-27 14:54:44 UTC
871,740,4568229036487355,,success,2012-03-27 14:54:45 UTC,2012-03-27 14:54:45 UTC
872,741,4200563350162968,,success,2012-03-27 14:54:45 UTC,2012-03-27 14:54:45 UTC
873,742,4647959813742478,,success,2012-03-27 14:54:45 UTC,2012-03-27 14:54:45 UTC
874,743,4492765180334478,,success,2012-03-27 14:54:45 UTC,2012-03-27 14:54:45 UTC
875,744,4343870005541598,,success,2012-03-27 14:54:45 UTC,2012-03-27 14:54:45 UTC
876,745,4555022823849719,,success,2012-03-27 14:54:45 UTC,2012-03-27 14:54:45 UTC
877,746,4283422204403328,,success,2012-03-27 14:54:45 UTC,2012-03-27 14:54:45 UTC
878,748,4623685033696139,,success,2012-03-27 14:54:45 UTC,2012-03-27 14:54:45 UTC
879,749,4429928280305017,,success,2012-03-27 14:54:45 UTC,2012-03-27 14:54:45 UTC
880,750,4029254736670697,,success,2012-03-27 14:54:45 UTC,2012-03-27 14:54:45 UTC
881,751,4615462730997535,,success,2012-03-27 14:54:45 UTC,2012-03-27 14:54:45 UTC
882,752,4815160266345314,,success,2012-03-27 14:54:45 UTC,2012-03-27 14:54:45 UTC
883,753,4583524212578138,,success,2012-03-27 14:54:45 UTC,2012-03-27 14:54:45 UTC
884,754,4187676266186998,,success,2012-03-27 14:54:45 UTC,2012-03-27 14:54:45 UTC
885,755,4858323566801783,,success,2012-03-27 14:54:45 UTC,2012-03-27 14:54:45 UTC
886,756,4252522128345783,,success,2012-03-27 14:54:45 UTC,2012-03-27 14:54:45 UTC
887,757,4502929432095851,,success,2012-03-27 14:54:45 UTC,2012-03-27 14:54:45 UTC
888,758,4409935595531433,,success,2012-03-27 14:54:45 UTC,2012-03-27 14:54:45 UTC
889,759,4111360943858137,,success,2012-03-27 14:54:45 UTC,2012-03-27 14:54:45 UTC
890,760,4060643494161806,,success,2012-03-27 14:54:46 UTC,2012-03-27 14:54:46 UTC
891,761,4499526616326328,,success,2012-03-27 14:54:46 UTC,2012-03-27 14:54:46 UTC
892,762,4421566425059358,,success,2012-03-27 14:54:46 UTC,2012-03-27 14:54:46 UTC
893,763,4023705476205358,,success,2012-03-27 14:54:46 UTC,2012-03-27 14:54:46 UTC
894,764,4810810009723127,,success,2012-03-27 14:54:46 UTC,2012-03-27 14:54:46 UTC
895,765,4141922124824754,,success,2012-03-27 14:54:46 UTC,2012-03-27 14:54:46 UTC
896,766,4960879195498476,,success,2012-03-27 14:54:46 UTC,2012-03-27 14:54:46 UTC
897,767,4728708305175483,,success,2012-03-27 14:54:46 UTC,2012-03-27 14:54:46 UTC
898,768,4847337487510312,,success,2012-03-27 14:54:46 UTC,2012-03-27 14:54:46 UTC
899,769,4713909537845678,,success,2012-03-27 14:54:46 UTC,2012-03-27 14:54:46 UTC
900,770,4507361045924447,,success,2012-03-27 14:54:46 UTC,2012-03-27 14:54:46 UTC
901,771,4618678636404607,,success,2012-03-27 14:54:46 UTC,2012-03-27 14:54:46 UTC
902,772,4691362791966372,,success,2012-03-27 14:54:46 UTC,2012-03-27 14:54:46 UTC
903,773,4843829581641133,,success,2012-03-27 14:54:46 UTC,2012-03-27 14:54:46 UTC
904,774,4065337483532662,,success,2012-03-27 14:54:46 UTC,2012-03-27 14:54:46 UTC
905,775,4027664711699340,,success,2012-03-27 14:54:46 UTC,2012-03-27 14:54:46 UTC
906,776,4704338586354464,,failed,2012-03-27 14:54:46 UTC,2012-03-27 14:54:46 UTC
907,777,4381643341285158,,success,2012-03-27 14:54:46 UTC,2012-03-27 14:54:46 UTC
908,778,4235544106090856,,success,2012-03-27 14:54:46 UTC,2012-03-27 14:54:46 UTC
909,779,4481255302822703,,success,2012-03-27 14:54:47 UTC,2012-03-27 14:54:47 UTC
910,780,4141816305135000,,success,2012-03-27 14:54:47 UTC,2012-03-27 14:54:47 UTC
911,781,4489935639034440,,success,2012-03-27 14:54:47 UTC,2012-03-27 14:54:47 UTC
912,782,4747192609291705,,failed,2012-03-27 14:54:47 UTC,2012-03-27 14:54:47 UTC
913,782,4087632699634138,,failed,2012-03-27 14:54:47 UTC,2012-03-27 14:54:47 UTC
914,782,4296024799612029,,success,2012-03-27 14:54:47 UTC,2012-03-27 14:54:47 UTC
915,783,4910799673872901,,success,2012-03-27 14:54:47 UTC,2012-03-27 14:54:47 UTC
916,784,4268144389085891,,success,2012-03-27 14:54:47 UTC,2012-03-27 14:54:47 UTC
917,785,4155710965085832,,success,2012-03-27 14:54:47 UTC,2012-03-27 14:54:47 UTC
918,786,4852826756278982,,success,2012-03-27 14:54:47 UTC,2012-03-27 14:54:47 UTC
919,787,4581161214573969,,success,2012-03-27 14:54:47 UTC,2012-03-27 14:54:47 UTC
920,788,4952837086069133,,success,2012-03-27 14:54:47 UTC,2012-03-27 14:54:47 UTC
921,789,4453665799800479,,success,2012-03-27 14:54:47 UTC,2012-03-27 14:54:47 UTC
922,790,4152703612457395,,success,2012-03-27 14:54:47 UTC,2012-03-27 14:54:47 UTC
923,791,4433094323539726,,success,2012-03-27 14:54:47 UTC,2012-03-27 14:54:47 UTC
924,792,4146025772927223,,success,2012-03-27 14:54:47 UTC,2012-03-27 14:54:47 UTC
925,793,4003205881083497,,success,2012-03-27 14:54:47 UTC,2012-03-27 14:54:47 UTC
926,794,4274644023238570,,success,2012-03-27 14:54:47 UTC,2012-03-27 14:54:47 UTC
927,795,4676716477092213,,success,2012-03-27 14:54:47 UTC,2012-03-27 14:54:47 UTC
928,796,4336866989981294,,success,2012-03-27 14:54:47 UTC,2012-03-27 14:54:47 UTC
929,797,4198054358561227,,success,2012-03-27 14:54:47 UTC,2012-03-27 14:54:47 UTC
930,798,4934855636260935,,success,2012-03-27 14:54:47 UTC,2012-03-27 14:54:47 UTC
931,799,4803793544190629,,success,2012-03-27 14:54:48 UTC,2012-03-27 14:54:48 UTC
932,800,4321866949612517,,success,2012-03-27 14:54:48 UTC,2012-03-27 14:54:48 UTC
933,801,4746743288572948,,success,2012-03-27 14:54:48 UTC,2012-03-27 14:54:48 UTC
934,802,4767385419450856,,success,2012-03-27 14:54:48 UTC,2012-03-27 14:54:48 UTC
935,803,4398283489854282,,success,2012-03-27 14:54:48 UTC,2012-03-27 14:54:48 UTC
936,804,4436992100023549,,success,2012-03-27 14:54:48 UTC,2012-03-27 14:54:48 UTC
937,805,4743267159815825,,success,2012-03-27 14:54:48 UTC,2012-03-27 14:54:48 UTC
938,806,4969341021775440,,success,2012-03-27 14:54:48 UTC,2012-03-27 14:54:48 UTC
939,807,4072490532939159,,failed,2012-03-27 14:54:48 UTC,2012-03-27 14:54:48 UTC
940,807,4766071374113995,,success,2012-03-27 14:54:48 UTC,2012-03-27 14:54:48 UTC
941,808,4627299918063505,,success,2012-03-27 14:54:48 UTC,2012-03-27 14:54:48 UTC
942,809,4292799215807419,,success,2012-03-27 14:54:48 UTC,2012-03-27 14:54:48 UTC
943,810,4086000420884748,,success,2012-03-27 14:54:48 UTC,2012-03-27 14:54:48 UTC
944,811,4046745869100284,,success,2012-03-27 14:54:48 UTC,2012-03-27 14:54:48 UTC
945,812,4055102682803009,,success,2012-03-27 14:54:48 UTC,2012-03-27 14:54:48 UTC
946,813,4911246763450149,,success,2012-03-27 14:54:48 UTC,2012-03-27 14:54:48 UTC
947,814,4117338309269152,,success,2012-03-27 14:54:48 UTC,2012-03-27 14:54:48 UTC
948,815,4951653652978513,,success,2012-03-27 14:54:48 UTC,2012-03-27 14:54:48 UTC
949,816,4087040117240068,,success,2012-03-27 14:54:48 UTC,2012-03-27 14:54:48 UTC
950,817,4762021055725436,,success,2012-03-27 14:54:48 UTC,2012-03-27 14:54:48 UTC
951,818,4247750539449580,,success,2012-03-27 14:54:49 UTC,2012-03-27 14:54:49 UTC
952,819,4923450818190730,,success,2012-03-27 14:54:49 UTC,2012-03-27 14:54:49 UTC
953,820,4050478259525195,,success,2012-03-27 14:54:49 UTC,2012-03-27 14:54:49 UTC
954,821,4573932292287709,,success,2012-03-27 14:54:49 UTC,2012-03-27 14:54:49 UTC
955,822,4224935979627907,,success,2012-03-27 14:54:49 UTC,2012-03-27 14:54:49 UTC
956,823,4406296543740936,,success,2012-03-27 14:54:49 UTC,2012-03-27 14:54:49 UTC
957,824,4708321362884588,,success,2012-03-27 14:54:49 UTC,2012-03-27 14:54:49 UTC
958,825,4489923005347815,,success,2012-03-27 14:54:49 UTC,2012-03-27 14:54:49 UTC
959,826,4691961881658010,,failed,2012-03-27 14:54:49 UTC,2012-03-27 14:54:49 UTC
960,826,4572398090145895,,failed,2012-03-27 14:54:49 UTC,2012-03-27 14:54:49 UTC
961,826,4439037178446265,,success,2012-03-27 14:54:49 UTC,2012-03-27 14:54:49 UTC
962,827,4954551560512870,,success,2012-03-27 14:54:49 UTC,2012-03-27 14:54:49 UTC
963,828,4672243727690518,,success,2012-03-27 14:54:49 UTC,2012-03-27 14:54:49 UTC
964,829,4158465199868214,,success,2012-03-27 14:54:49 UTC,2012-03-27 14:54:49 UTC
965,830,4647880903532591,,failed,2012-03-27 14:54:49 UTC,2012-03-27 14:54:49 UTC
966,830,4512670121260501,,success,2012-03-27 14:54:49 UTC,2012-03-27 14:54:49 UTC
967,831,4410082815471402,,success,2012-03-27 14:54:49 UTC,2012-03-27 14:54:49 UTC
968,832,4659610327907219,,failed,2012-03-27 14:54:49 UTC,2012-03-27 14:54:49 UTC
969,832,4632174195797452,,success,2012-03-27 14:54:49 UTC,2012-03-27 14:54:49 UTC
970,833,4098247593601185,,success,2012-03-27 14:54:49 UTC,2012-03-27 14:54:49 UTC
971,834,4864852363073314,,success,2012-03-27 14:54:49 UTC,2012-03-27 14:54:49 UTC
972,835,4360177094651038,,success,2012-03-27 14:54:49 UTC,2012-03-27 14:54:49 UTC
973,836,4159823074778784,,success,2012-03-27 14:54:49 UTC,2012-03-27 14:54:49 UTC
974,837,4971929702965779,,success,2012-03-27 14:54:49 UTC,2012-03-27 14:54:49 UTC
975,838,4736153009038804,,success,2012-03-27 14:54:49 UTC,2012-03-27 14:54:49 UTC
976,839,4345882289268307,,failed,2012-03-27 14:54:50 UTC,2012-03-27 14:54:50 UTC
977,839,4049467533308556,,success,2012-03-27 14:54:50 UTC,2012-03-27 14:54:50 UTC
978,840,4361918105805671,,success,2012-03-27 14:54:50 UTC,2012-03-27 14:54:50 UTC
979,841,4242976628115101,,success,2012-03-27 14:54:50 UTC,2012-03-27 14:54:50 UTC
980,842,4475377358513079,,success,2012-03-27 14:54:50 UTC,2012-03-27 14:54:50 UTC
981,843,4967428293417230,,success,2012-03-27 14:54:50 UTC,2012-03-27 14:54:50 UTC
982,844,4540809086638961,,failed,2012-03-27 14:54:50 UTC,2012-03-27 14:54:50 UTC
983,844,4723966070333487,,success,2012-03-27 14:54:50 UTC,2012-03-27 14:54:50 UTC
984,845,4452758950413460,,success,2012-03-27 14:54:50 UTC,2012-03-27 14:54:50 UTC
985,846,4183510445469418,,success,2012-03-27 14:54:50 UTC,2012-03-27 14:54:50 UTC
986,847,4754082168380054,,failed,2012-03-27 14:54:50 UTC,2012-03-27 14:54:50 UTC
987,847,4644025316749528,,success,2012-03-27 14:54:50 UTC,2012-03-27 14:54:50 UTC
988,848,4511689223491291,,success,2012-03-27 14:54:50 UTC,2012-03-27 14:54:50 UTC
989,849,4552581968274653,,success,2012-03-27 14:54:50 UTC,2012-03-27 14:54:50 UTC
990,850,4598235013823162,,success,2012-03-27 14:54:50 UTC,2012-03-27 14:54:50 UTC
991,851,4892299525043316,,success,2012-03-27 14:54:50 UTC,2012-03-27 14:54:50 UTC
992,852,4025039521433677,,success,2012-03-27 14:54:50 UTC,2012-03-27 14:54:50 UTC
993,853,4078113546606725,,success,2012-03-27 14:54:50 UTC,2012-03-27 14:54:50 UTC
994,854,4731953800240470,,success,2012-03-27 14:54:50 UTC,2012-03-27 14:54:50 UTC
995,855,4707942934466683,,success,2012-03-27 14:54:50 UTC,2012-03-27 14:54:50 UTC
996,856,4845208179704845,,success,2012-03-27 14:54:50 UTC,2012-03-27 14:54:50 UTC
997,857,4728833085488276,,success,2012-03-27 14:54:50 UTC,2012-03-27 14:54:50 UTC
998,858,4228818663565984,,failed,2012-03-27 14:54:50 UTC,2012-03-27 14:54:50 UTC
999,859,4127726303914887,,success,2012-03-27 14:54:50 UTC,2012-03-27 14:54:50 UTC
1000,860,4051037508456297,,success,2012-03-27 14:54:50 UTC,2012-03-27 14:54:50 UTC
1001,861,4797907700255928,,failed,2012-03-27 14:54:51 UTC,2012-03-27 14:54:51 UTC
1002,861,4168836261555502,,failed,2012-03-27 14:54:51 UTC,2012-03-27 14:54:51 UTC
1003,861,4838945857668319,,success,2012-03-27 14:54:51 UTC,2012-03-27 14:54:51 UTC
1004,862,4819845654742429,,success,2012-03-27 14:54:51 UTC,2012-03-27 14:54:51 UTC
1005,863,4960400644188451,,success,2012-03-27 14:54:51 UTC,2012-03-27 14:54:51 UTC
1006,864,4358396015418284,,success,2012-03-27 14:54:51 UTC,2012-03-27 14:54:51 UTC
1007,865,4080381676849499,,success,2012-03-27 14:54:51 UTC,2012-03-27 14:54:51 UTC
1008,866,4143203008947342,,success,2012-03-27 14:54:51 UTC,2012-03-27 14:54:51 UTC
1009,867,4705769368212181,,success,2012-03-27 14:54:51 UTC,2012-03-27 14:54:51 UTC
1010,868,4669298248228930,,success,2012-03-27 14:54:51 UTC,2012-03-27 14:54:51 UTC
1011,869,4424215065123132,,success,2012-03-27 14:54:51 UTC,2012-03-27 14:54:51 UTC
1012,870,4015982077059115,,success,2012-03-27 14:54:51 UTC,2012-03-27 14:54:51 UTC
1013,871,4749720830881290,,failed,2012-03-27 14:54:51 UTC,2012-03-27 14:54:51 UTC
1014,871,4572473634893685,,success,2012-03-27 14:54:51 UTC,2012-03-27 14:54:51 UTC
1015,872,4279906240493727,,success,2012-03-27 14:54:51 UTC,2012-03-27 14:54:51 UTC
1016,873,4075363670807873,,success,2012-03-27 14:54:51 UTC,2012-03-27 14:54:51 UTC
1017,874,4842347410211576,,success,2012-03-27 14:54:51 UTC,2012-03-27 14:54:51 UTC
1018,875,4812864436074785,,success,2012-03-27 14:54:51 UTC,2012-03-27 14:54:51 UTC
1019,876,4115017722913752,,success,2012-03-27 14:54:51 UTC,2012-03-27 14:54:51 UTC
1020,878,4698133301109922,,success,2012-03-27 14:54:51 UTC,2012-03-27 14:54:51 UTC
1021,879,4022232400008137,,success,2012-03-27 14:54:51 UTC,2012-03-27 14:54:51 UTC
1022,880,4728692760874550,,success,2012-03-27 14:54:51 UTC,2012-03-27 14:54:51 UTC
1023,881,4798139428974447,,success,2012-03-27 14:54:51 UTC,2012-03-27 14:54:51 UTC
1024,882,4417840423706500,,success,2012-03-27 14:54:51 UTC,2012-03-27 14:54:51 UTC
1025,883,4722548011390950,,success,2012-03-27 14:54:51 UTC,2012-03-27 14:54:51 UTC
1026,884,4595115345656703,,failed,2012-03-27 14:54:52 UTC,2012-03-27 14:54:52 UTC
1027,884,4119652553887668,,failed,2012-03-27 14:54:52 UTC,2012-03-27 14:54:52 UTC
1028,885,4517226937893920,,success,2012-03-27 14:54:52 UTC,2012-03-27 14:54:52 UTC
1029,886,4466919094310678,,success,2012-03-27 14:54:52 UTC,2012-03-27 14:54:52 UTC
1030,887,4364067394236796,,failed,2012-03-27 14:54:52 UTC,2012-03-27 14:54:52 UTC
1031,887,4208524091309851,,success,2012-03-27 14:54:52 UTC,2012-03-27 14:54:52 UTC
1032,888,4953807306690802,,success,2012-03-27 14:54:52 UTC,2012-03-27 14:54:52 UTC
1033,890,4786241656724769,,failed,2012-03-27 14:54:52 UTC,2012-03-27 14:54:52 UTC
1034,890,4942083937034390,,success,2012-03-27 14:54:52 UTC,2012-03-27 14:54:52 UTC
1035,891,4158706041041099,,success,2012-03-27 14:54:52 UTC,2012-03-27 14:54:52 UTC
1036,892,4639389509926828,,success,2012-03-27 14:54:52 UTC,2012-03-27 14:54:52 UTC
1037,893,4391383103686721,,success,2012-03-27 14:54:52 UTC,2012-03-27 14:54:52 UTC
1038,894,4149979098881874,,success,2012-03-27 14:54:52 UTC,2012-03-27 14:54:52 UTC
1039,895,4120287844842551,,success,2012-03-27 14:54:52 UTC,2012-03-27 14:54:52 UTC
1040,896,4881167014592497,,success,2012-03-27 14:54:52 UTC,2012-03-27 14:54:52 UTC
1041,897,4264667467179811,,success,2012-03-27 14:54:52 UTC,2012-03-27 14:54:52 UTC
1042,898,4143616232654441,,success,2012-03-27 14:54:52 UTC,2012-03-27 14:54:52 UTC
1043,899,4854475184433641,,success,2012-03-27 14:54:52 UTC,2012-03-27 14:54:52 UTC
1044,900,4101073562156130,,success,2012-03-27 14:54:52 UTC,2012-03-27 14:54:52 UTC
