id,customer_id,status,created_at,updated_at
1,1,cancelled,2012-03-25 09:54:09 UTC,2012-03-25 09:54:09 UTC
2,1,cancelled,2012-03-12 05:54:09 UTC,2012-03-12 05:54:09 UTC
3,1,cancelled,2012-03-10 00:54:09 UTC,2012-03-10 00:54:09 UTC
4,1,completed,2012-03-24 15:54:10 UTC,2012-03-24 15:54:10 UTC
5,1,completed,2012-03-07 19:54:10 UTC,2012-03-07 19:54:10 UTC
6,1,cancelled,2012-03-09 01:54:10 UTC,2012-03-09 01:54:10 UTC
7,1,in progress,2012-03-07 21:54:10 UTC,2012-03-07 21:54:10 UTC
8,1,completed,2012-03-13 16:54:10 UTC,2012-03-13 16:54:10 UTC
9,2,cancelled,2012-03-07 12:54:10 UTC,2012-03-07 12:54:10 UTC
10,3,cancelled,2012-03-06 21:54:10 UTC,2012-03-06 21:54:10 UTC
11,3,completed,2012-03-08 20:54:10 UTC,2012-03-08 20:54:10 UTC
12,3,in progress,2012-03-21 13:54:10 UTC,2012-03-21 13:54:10 UTC
13,3,cancelled,2012-03-10 10:54:10 UTC,2012-03-10 10:54:10 UTC
14,4,cancelled,2012-03-26 06:54:10 UTC,2012-03-26 06:54:10 UTC
15,4,in progress,2012-03-26 07:54:10 UTC,2012-03-26 07:54:10 UTC
16,4,in progress,2012-03-12 03:54:10 UTC,2012-03-12 03:54:10 UTC
17,4,completed,2012-03-13 07:54:10 UTC,2012-03-13 07:54:10 UTC
18,4,in progress,2012-03-07 10:54:10 UTC,2012-03-07 10:54:10 UTC
19,4,cancelled,2012-03-19 13:54:10 UTC,2012-03-19 13:54:10 UTC
20,4,in progress,2012-03-22 08:54:10 UTC,2012-03-22 08:54:10 UTC
21,4,completed,2012-03-13 04:54:10 UTC,2012-03-13 04:54:10 UTC
22,7,completed,2012-03-15 14:54:10 UTC,2012-03-15 14:54:10 UTC
23,7,in progress,2012-03-16 13:54:11 UTC,2012-03-16 13:54:11 UTC
24,7,in progress,2012-03-17 08:54:11 UTC,2012-03-17 08:54:11 UTC
25,7,completed,2012-03-27 07:54:11 UTC,2012-03-27 07:54:11 UTC
26,7,cancelled,2012-03-21 11:54:11 UTC,2012-03-21 11:54:11 UTC
27,7,in progress,2012-03-12 04:54:11 UTC,2012-03-12 04:54:11 UTC
28,7,in progress,2012-03-19 18:54:11 UTC,2012-03-19 18:54:11 UTC
29,7,cancelled,2012-03-25 13:54:11 UTC,2012-03-25 13:54:11 UTC
30,8,completed,2012-03-12 07:54:11 UTC,2012-03-12 07:54:11 UTC
31,8,in progress,2012-03-23 16:54:11 UTC,2012-03-23 16:54:11 UTC
32,8,completed,2012-03-13 06:54:11 UTC,2012-03-13 06:54:11 UTC
33,9,in progress,2012-03-15 18:54:11 UTC,2012-03-15 18:54:11 UTC
34,9,in progress,2012-03-18 19:54:11 UTC,2012-03-18 19:54:11 UTC
35,9,completed,2012-03-21 16:54:11 UTC,2012-03-21 16:54:11 UTC
36,9,completed,2012-03-16 10:54:11 UTC,2012-03-16 10:54:11 UTC
37,9,completed,2012-03-13 19:54:11 UTC,2012-03-13 19:54:11 UTC
38,9,in progress,2012-03-10 04:54:11 UTC,2012-03-10 04:54:11 UTC
39,9,completed,2012-03-22 01:54:11 UTC,2012-03-22 01:54:11 UTC
40,10,completed,2012-03-14 21:54:11 UTC,2012-03-14 21:54:11 UTC
41,10,in progress,2012-03-21 21:54:11 UTC,2012-03-21 21:54:11 UTC
42,10,cancelled,2012-03-19 05:54:11 UTC,2012-03-19 05:54:11 UTC
43,10,completed,2012-03-17 02:54:11 UTC,2012-03-17 02:54:11 UTC
44,10,in progress,2012-03-27 11:54:11 UTC,2012-03-27 11:54:11 UTC
45,10,in progress,2012-03-18 09:54:11 UTC,2012-03-18 09:54:11 UTC
46,10,cancelled,2012-03-15 20:54:11 UTC,2012-03-15 20:54:11 UTC
47,10,cancelled,2012-03-27 07:54:12 UTC,2012-03-27 07:54:12 UTC
48,11,cancelled,2012-03-16 05:54:12 UTC,2012-03-16 05:54:12 UTC
49,11,completed,2012-03-18 05:54:12 UTC,2012-03-18 05:54:12 UTC
50,11,completed,2012-03-21 13:54:12 UTC,2012-03-21 13:54:12 UTC
51,11,in progress,2012-03-16 12:54:12 UTC,2012-03-16 12:54:12 UTC
52,12,completed,2012-03-08 21:54:12 UTC,2012-03-08 21:54:12 UTC
53,12,in progress,2012-03-24 22:54:12 UTC,2012-03-24 22:54:12 UTC
54,12,completed,2012-03-27 07:54:12 UTC,2012-03-27 07:54:12 UTC
55,12,cancelled,2012-03-25 23:54:12 UTC,2012-03-25 23:54:12 UTC
56,12,completed,2012-03-24 00:54:12 UTC,2012-03-24 00:54:12 UTC
57,12,completed,2012-03-21 10:54:12 UTC,2012-03-21 10:54:12 UTC
58,12,completed,2012-03-17 13:54:12 UTC,2012-03-17 13:54:12 UTC
59,12,completed,2012-03-14 04:54:12 UTC,2012-03-14 04:54:12 UTC
60,12,completed,2012-03-12 13:54:12 UTC,2012-03-12 13:54:12 UTC
61,13,completed,2012-03-09 05:54:12 UTC,2012-03-09 05:54:12 UTC
62,13,cancelled,2012-03-23 06:54:12 UTC,2012-03-23 06:54:12 UTC
63,13,in progress,2012-03-27 01:54:12 UTC,2012-03-27 01:54:12 UTC
64,13,cancelled,2012-03-15 07:54:12 UTC,2012-03-15 07:54:12 UTC
65,13,cancelled,2012-03-17 02:54:12 UTC,2012-03-17 02:54:12 UTC
66,13,cancelled,2012-03-15 23:54:12 UTC,2012-03-15 23:54:12 UTC
67,13,cancelled,2012-03-26 04:54:12 UTC,2012-03-26 04:54:12 UTC
68,13,in progress,2012-03-09 02:54:13 UTC,2012-03-09 02:54:13 UTC
69,13,cancelled,2012-03-16 18:54:13 UTC,2012-03-16 18:54:13 UTC
70,14,in progress,2012-03-12 10:54:13 UTC,2012-03-12 10:54:13 UTC
71,15,cancelled,2012-03-13 08:54:13 UTC,2012-03-13 08:54:13 UTC
72,15,cancelled,2012-03-08 11:54:13 UTC,2012-03-08 11:54:13 UTC
73,15,cancelled,2012-03-17 15:54:13 UTC,2012-03-17 15:54:13 UTC
74,15,in progress,2012-03-24 01:54:13 UTC,2012-03-24 01:54:13 UTC
75,15,completed,2012-03-12 20:54:13 UTC,2012-03-12 20:54:13 UTC
76,15,cancelled,2012-03-07 08:54:13 UTC,2012-03-07 08:54:13 UTC
77,16,completed,2012-03-25 06:54:13 UTC,2012-03-25 06:54:13 UTC
78,16,in progress,2012-03-17 22:54:13 UTC,2012-03-17 22:54:13 UTC
79,16,completed,2012-03-12 09:54:13 UTC,2012-03-12 09:54:13 UTC
80,16,cancelled,2012-03-19 11:54:13 UTC,2012-03-19 11:54:13 UTC
81,16,cancelled,2012-03-14 02:54:13 UTC,2012-03-14 02:54:13 UTC
82,16,in progress,2012-03-15 18:54:13 UTC,2012-03-15 18:54:13 UTC
83,16,completed,2012-03-22 12:54:13 UTC,2012-03-22 12:54:13 UTC
84,16,in progress,2012-03-10 05:54:13 UTC,2012-03-10 05:54:13 UTC
85,17,cancelled,2012-03-14 21:54:13 UTC,2012-03-14 21:54:13 UTC
86,17,in progress,2012-03-17 17:54:13 UTC,2012-03-17 17:54:13 UTC
87,17,cancelled,2012-03-22 21:54:13 UTC,2012-03-22 21:54:13 UTC
88,17,in progress,2012-03-19 21:54:14 UTC,2012-03-19 21:54:14 UTC
89,17,in progress,2012-03-19 16:54:14 UTC,2012-03-19 16:54:14 UTC
90,17,completed,2012-03-19 07:54:14 UTC,2012-03-19 07:54:14 UTC
91,17,cancelled,2012-03-09 16:54:14 UTC,2012-03-09 16:54:14 UTC
92,17,in progress,2012-03-21 21:54:14 UTC,2012-03-21 21:54:14 UTC
93,17,in progress,2012-03-14 11:54:14 UTC,2012-03-14 11:54:14 UTC
94,17,cancelled,2012-03-24 11:54:14 UTC,2012-03-24 11:54:14 UTC
95,19,in progress,2012-03-23 22:54:14 UTC,2012-03-23 22:54:14 UTC
96,19,in progress,2012-03-14 21:54:14 UTC,2012-03-14 21:54:14 UTC
97,19,completed,2012-03-18 01:54:14 UTC,2012-03-18 01:54:14 UTC
98,19,completed,2012-03-27 06:54:14 UTC,2012-03-27 06:54:14 UTC
99,20,in progress,2012-03-13 12:54:14 UTC,2012-03-13 12:54:14 UTC
100,20,in progress,2012-03-24 00:54:14 UTC,2012-03-24 00:54:14 UTC
101,20,cancelled,2012-03-19 10:54:14 UTC,2012-03-19 10:54:14 UTC
102,20,in progress,2012-03-22 08:54:14 UTC,2012-03-22 08:54:14 UTC
103,20,in progress,2012-03-11 06:54:14 UTC,2012-03-11 06:54:14 UTC
104,20,cancelled,2012-03-21 13:54:14 UTC,2012-03-21 13:54:14 UTC
105,20,completed,2012-03-08 12:54:15 UTC,2012-03-08 12:54:15 UTC
106,20,completed,2012-03-10 18:54:15 UTC,2012-03-10 18:54:15 UTC
107,20,completed,2012-03-16 11:54:15 UTC,2012-03-16 11:54:15 UTC
108,20,cancelled,2012-03-20 14:54:15 UTC,2012-03-20 14:54:15 UTC
109,21,in progress,2012-03-19 00:54:15 UTC,2012-03-19 00:54:15 UTC
110,21,cancelled,2012-03-12 04:54:15 UTC,2012-03-12 04:54:15 UTC
111,21,cancelled,2012-03-21 17:54:15 UTC,2012-03-21 17:54:15 UTC
112,21,completed,2012-03-06 14:54:15 UTC,2012-03-06 14:54:15 UTC
113,21,in progress,2012-03-13 11:54:15 UTC,2012-03-13 11:54:15 UTC
114,21,completed,2012-03-11 07:54:15 UTC,2012-03-11 07:54:15 UTC
115,21,in progress,2012-03-18 18:54:15 UTC,2012-03-18 18:54:15 UTC
116,21,completed,2012-03-24 08:54:15 UTC,2012-03-24 08:54:15 UTC
117,22,completed,2012-03-20 02:54:15 UTC,2012-03-20 02:54:15 UTC
118,22,in progress,2012-03-17 19:54:15 UTC,2012-03-17 19:54:15 UTC
119,22,in progress,2012-03-27 10:54:15 UTC,2012-03-27 10:54:15 UTC
120,22,in progress,2012-03-13 06:54:15 UTC,2012-03-13 06:54:15 UTC
121,22,completed,2012-03-27 01:54:15 UTC,2012-03-27 01:54:15 UTC
122,22,cancelled,2012-03-20 17:54:16 UTC,2012-03-20 17:54:16 UTC
123,22,cancelled,2012-03-15 18:54:16 UTC,2012-03-15 18:54:16 UTC
124,22,cancelled,2012-03-17 21:54:16 UTC,2012-03-17 21:54:16 UTC
125,23,in progress,2012-03-10 11:54:16 UTC,2012-03-10 11:54:16 UTC
126,23,completed,2012-03-26 18:54:16 UTC,2012-03-26 18:54:16 UTC
127,23,cancelled,2012-03-23 14:54:16 UTC,2012-03-23 14:54:16 UTC
128,23,in progress,2012-03-23 07:54:16 UTC,2012-03-23 07:54:16 UTC
129,23,cancelled,2012-03-22 11:54:16 UTC,2012-03-22 11:54:16 UTC
130,23,in progress,2012-03-20 20:54:16 UTC,2012-03-20 20:54:16 UTC
131,23,in progress,2012-03-14 14:54:16 UTC,2012-03-14 14:54:16 UTC
132,25,completed,2012-03-09 16:54:16 UTC,2012-03-09 16:54:16 UTC
133,25,completed,2012-03-07 13:54:16 UTC,2012-03-07 13:54:16 UTC
134,25,cancelled,2012-03-11 16:54:16 UTC,2012-03-11 16:54:16 UTC
135,25,completed,2012-03-27 11:54:16 UTC,2012-03-27 11:54:16 UTC
136,25,in progress,2012-03-09 16:54:16 UTC,2012-03-09 16:54:16 UTC
137,25,cancelled,2012-03-19 18:54:16 UTC,2012-03-19 18:54:16 UTC
138,26,in progress,2012-03-18 13:54:16 UTC,2012-03-18 13:54:16 UTC
139,26,cancelled,2012-03-25 17:54:16 UTC,2012-03-25 17:54:16 UTC
140,27,cancelled,2012-03-27 04:54:16 UTC,2012-03-27 04:54:16 UTC
141,28,in progress,2012-03-07 01:54:16 UTC,2012-03-07 01:54:16 UTC
142,28,cancelled,2012-03-12 21:54:16 UTC,2012-03-12 21:54:16 UTC
143,28,in progress,2012-03-22 19:54:17 UTC,2012-03-22 19:54:17 UTC
144,28,cancelled,2012-03-17 16:54:17 UTC,2012-03-17 16:54:17 UTC
145,28,completed,2012-03-27 01:54:17 UTC,2012-03-27 01:54:17 UTC
146,28,completed,2012-03-17 06:54:17 UTC,2012-03-17 06:54:17 UTC
147,28,completed,2012-03-18 21:54:17 UTC,2012-03-18 21:54:17 UTC
148,28,cancelled,2012-03-08 14:54:17 UTC,2012-03-08 14:54:17 UTC
149,28,cancelled,2012-03-21 23:54:17 UTC,2012-03-21 23:54:17 UTC
150,28,cancelled,2012-03-11 03:54:17 UTC,2012-03-11 03:54:17 UTC
151,29,in progress,2012-03-17 10:54:17 UTC,2012-03-17 10:54:17 UTC
152,29,in progress,2012-03-16 15:54:17 UTC,2012-03-16 15:54:17 UTC
153,29,cancelled,2012-03-12 16:54:17 UTC,2012-03-12 16:54:17 UTC
154,29,completed,2012-03-25 03:54:17 UTC,2012-03-25 03:54:17 UTC
155,29,in progress,2012-03-23 18:54:17 UTC,2012-03-23 18:54:17 UTC
156,29,completed,2012-03-19 08:54:17 UTC,2012-03-19 08:54:17 UTC
157,29,cancelled,2012-03-22 18:54:17 UTC,2012-03-22 18:54:17 UTC
158,30,in progress,2012-03-06 15:54:17 UTC,2012-03-06 15:54:17 UTC
159,30,cancelled,2012-03-11 12:54:17 UTC,2012-03-11 12:54:17 UTC
160,30,completed,2012-03-13 20:54:17 UTC,2012-03-13 20:54:17 UTC
161,31,in progress,2012-03-18 00:54:17 UTC,2012-03-18 00:54:17 UTC
162,31,completed,2012-03-16 17:54:17 UTC,2012-03-16 17:54:17 UTC
163,31,cancelled,2012-03-11 05:54:17 UTC,2012-03-11 05:54:17 UTC
164,31,in progress,2012-03-14 13:54:18 UTC,2012-03-14 13:54:18 UTC
165,32,completed,2012-03-18 18:54:18 UTC,2012-03-18 18:54:18 UTC
166,32,cancelled,2012-03-09 10:54:18 UTC,2012-03-09 10:54:18 UTC
167,32,cancelled,2012-03-25 20:54:18 UTC,2012-03-25 20:54:18 UTC
168,33,cancelled,2012-03-09 00:54:18 UTC,2012-03-09 00:54:18 UTC
169,34,cancelled,2012-03-09 20:54:18 UTC,2012-03-09 20:54:18 UTC
170,36,in progress,2012-03-13 12:54:18 UTC,2012-03-13 12:54:18 UTC
171,36,completed,2012-03-20 02:54:18 UTC,2012-03-20 02:54:18 UTC
172,36,cancelled,2012-03-09 13:54:18 UTC,2012-03-09 13:54:18 UTC
173,37,cancelled,2012-03-10 04:54:18 UTC,2012-03-10 04:54:18 UTC
174,37,cancelled,2012-03-25 13:54:18 UTC,2012-03-25 13:54:18 UTC
175,37,cancelled,2012-03-21 22:54:18 UTC,2012-03-21 22:54:18 UTC
176,37,completed,2012-03-07 11:54:18 UTC,2012-03-07 11:54:18 UTC
177,37,cancelled,2012-03-24 18:54:18 UTC,2012-03-24 18:54:18 UTC
178,37,cancelled,2012-03-18 20:54:18 UTC,2012-03-18 20:54:18 UTC
179,37,completed,2012-03-08 09:54:18 UTC,2012-03-08 09:54:18 UTC
180,38,completed,2012-03-14 22:54:18 UTC,2012-03-14 22:54:18 UTC
181,38,in progress,2012-03-24 09:54:18 UTC,2012-03-24 09:54:18 UTC
182,38,completed,2012-03-17 12:54:18 UTC,2012-03-17 12:54:18 UTC
183,38,completed,2012-03-15 21:54:18 UTC,2012-03-15 21:54:18 UTC
184,38,cancelled,2012-03-26 20:54:18 UTC,2012-03-26 20:54:18 UTC
185,38,completed,2012-03-14 02:54:18 UTC,2012-03-14 02:54:18 UTC
186,39,cancelled,2012-03-26 02:54:19 UTC,2012-03-26 02:54:19 UTC
187,40,in progress,2012-03-07 04:54:19 UTC,2012-03-07 04:54:19 UTC
188,40,completed,2012-03-24 22:54:19 UTC,2012-03-24 22:54:19 UTC
189,40,completed,2012-03-17 20:54:19 UTC,2012-03-17 20:54:19 UTC
190,40,completed,2012-03-17 18:54:19 UTC,2012-03-17 18:54:19 UTC
191,40,completed,2012-03-17 06:54:19 UTC,2012-03-17 06:54:19 UTC
192,40,in progress,2012-03-20 08:54:19 UTC,2012-03-20 08:54:19 UTC
193,41,in progress,2012-03-24 06:54:19 UTC,2012-03-24 06:54:19 UTC
194,41,in progress,2012-03-17 15:54:19 UTC,2012-03-17 15:54:19 UTC
195,41,completed,2012-03-10 02:54:19 UTC,2012-03-10 02:54:19 UTC
196,41,completed,2012-03-15 07:54:19 UTC,2012-03-15 07:54:19 UTC
197,41,completed,2012-03-18 07:54:19 UTC,2012-03-18 07:54:19 UTC
198,41,cancelled,2012-03-22 03:54:19 UTC,2012-03-22 03:54:19 UTC
199,41,completed,2012-03-24 12:54:19 UTC,2012-03-24 12:54:19 UTC
200,41,completed,2012-03-08 20:54:19 UTC,2012-03-08 20:54:19 UTC
201,41,completed,2012-03-17 08:54:19 UTC,2012-03-17 08:54:19 UTC
202,42,cancelled,2012-03-14 15:54:19 UTC,2012-03-14 15:54:19 UTC
203,42,completed,2012-03-10 08:54:19 UTC,2012-03-10 08:54:19 UTC
204,42,in progress,2012-03-07 13:54:19 UTC,2012-03-07 13:54:19 UTC
205,42,completed,2012-03-16 02:54:19 UTC,2012-03-16 02:54:19 UTC
206,42,completed,2012-03-09 10:54:19 UTC,2012-03-09 10:54:19 UTC
207,42,in progress,2012-03-10 20:54:20 UTC,2012-03-10 20:54:20 UTC
208,42,cancelled,2012-03-08 20:54:20 UTC,2012-03-08 20:54:20 UTC
209,42,cancelled,2012-03-07 07:54:20 UTC,2012-03-07 07:54:20 UTC
210,42,in progress,2012-03-22 22:54:20 UTC,2012-03-22 22:54:20 UTC
211,43,cancelled,2012-03-08 07:54:20 UTC,2012-03-08 07:54:20 UTC
212,43,cancelled,2012-03-15 17:54:20 UTC,2012-03-15 17:54:20 UTC
213,43,completed,2012-03-21 22:54:20 UTC,2012-03-21 22:54:20 UTC
214,43,completed,2012-03-21 12:54:20 UTC,2012-03-21 12:54:20 UTC
215,44,cancelled,2012-03-15 02:54:20 UTC,2012-03-15 02:54:20 UTC
216,45,in progress,2012-03-19 12:54:20 UTC,2012-03-19 12:54:20 UTC
217,45,cancelled,2012-03-21 03:54:20 UTC,2012-03-21 03:54:20 UTC
218,45,cancelled,2012-03-07 04:54:20 UTC,2012-03-07 04:54:20 UTC
219,45,completed,2012-03-27 10:54:20 UTC,2012-03-27 10:54:20 UTC
220,45,in progress,2012-03-18 05:54:20 UTC,2012-03-18 05:54:20 UTC
221,46,in progress,2012-03-19 04:54:20 UTC,2012-03-19 04:54:20 UTC
222,48,in progress,2012-03-13 06:54:20 UTC,2012-03-13 06:54:20 UTC
223,48,completed,2012-03-12 17:54:20 UTC,2012-03-12 17:54:20 UTC
224,49,in progress,2012-03-19 06:54:20 UTC,2012-03-19 06:54:20 UTC
225,49,cancelled,2012-03-20 14:54:20 UTC,2012-03-20 14:54:20 UTC
226,49,in progress,2012-03-17 15:54:21 UTC,2012-03-17 15:54:21 UTC
227,49,in progress,2012-03-23 09:54:21 UTC,2012-03-23 09:54:21 UTC
228,50,cancelled,2012-03-20 12:54:21 UTC,2012-03-20 12:54:21 UTC
229,51,completed,2012-03-10 22:54:21 UTC,2012-03-10 22:54:21 UTC
230,51,cancelled,2012-03-07 22:54:21 UTC,2012-03-07 22:54:21 UTC
231,51,cancelled,2012-03-16 17:54:21 UTC,2012-03-16 17:54:21 UTC
232,51,cancelled,2012-03-12 08:54:21 UTC,2012-03-12 08:54:21 UTC
233,51,completed,2012-03-24 02:54:21 UTC,2012-03-24 02:54:21 UTC
234,51,completed,2012-03-10 23:54:21 UTC,2012-03-10 23:54:21 UTC
235,51,in progress,2012-03-10 13:54:21 UTC,2012-03-10 13:54:21 UTC
236,51,completed,2012-03-20 01:54:21 UTC,2012-03-20 01:54:21 UTC
237,51,in progress,2012-03-14 00:54:21 UTC,2012-03-14 00:54:21 UTC
238,52,cancelled,2012-03-14 19:54:21 UTC,2012-03-14 19:54:21 UTC
239,52,in progress,2012-03-24 12:54:21 UTC,2012-03-24 12:54:21 UTC
240,52,in progress,2012-03-06 18:54:21 UTC,2012-03-06 18:54:21 UTC
241,53,in progress,2012-03-16 22:54:21 UTC,2012-03-16 22:54:21 UTC
242,53,cancelled,2012-03-23 09:54:21 UTC,2012-03-23 09:54:21 UTC
243,53,cancelled,2012-03-21 05:54:21 UTC,2012-03-21 05:54:21 UTC
244,53,cancelled,2012-03-22 01:54:21 UTC,2012-03-22 01:54:21 UTC
245,54,in progress,2012-03-19 22:54:21 UTC,2012-03-19 22:54:21 UTC
246,55,completed,2012-03-16 11:54:21 UTC,2012-03-16 11:54:21 UTC
247,55,completed,2012-03-21 06:54:21 UTC,2012-03-21 06:54:21 UTC
248,55,cancelled,2012-03-24 06:54:22 UTC,2012-03-24 06:54:22 UTC
249,55,in progress,2012-03-12 16:54:22 UTC,2012-03-12 16:54:22 UTC
250,56,in progress,2012-03-12 21:54:22 UTC,2012-03-12 21:54:22 UTC
251,56,cancelled,2012-03-07 20:54:22 UTC,2012-03-07 20:54:22 UTC
252,56,cancelled,2012-03-11 09:54:22 UTC,2012-03-11 09:54:22 UTC
253,56,in progress,2012-03-13 05:54:22 UTC,2012-03-13 05:54:22 UTC
254,56,completed,2012-03-12 15:54:22 UTC,2012-03-12 15:54:22 UTC
255,56,in progress,2012-03-26 03:54:22 UTC,2012-03-26 03:54:22 UTC
256,56,in progress,2012-03-26 06:54:22 UTC,2012-03-26 06:54:22 UTC
257,56,completed,2012-03-20 23:54:22 UTC,2012-03-20 23:54:22 UTC
258,56,cancelled,2012-03-25 19:54:22 UTC,2012-03-25 19:54:22 UTC
259,57,cancelled,2012-03-08 03:54:22 UTC,2012-03-08 03:54:22 UTC
260,57,in progress,2012-03-26 02:54:22 UTC,2012-03-26 02:54:22 UTC
261,57,completed,2012-03-12 18:54:22 UTC,2012-03-12 18:54:22 UTC
262,57,completed,2012-03-10 13:54:22 UTC,2012-03-10 13:54:22 UTC
263,57,in progress,2012-03-16 06:54:22 UTC,2012-03-16 06:54:22 UTC
264,57,completed,2012-03-13 14:54:22 UTC,2012-03-13 14:54:22 UTC
265,58,completed,2012-03-15 10:54:22 UTC,2012-03-15 10:54:22 UTC
266,58,in progress,2012-03-14 04:54:22 UTC,2012-03-14 04:54:22 UTC
267,58,completed,2012-03-24 01:54:22 UTC,2012-03-24 01:54:22 UTC
268,59,cancelled,2012-03-25 12:54:23 UTC,2012-03-25 12:54:23 UTC
269,59,in progress,2012-03-13 01:54:23 UTC,2012-03-13 01:54:23 UTC
270,59,completed,2012-03-21 21:54:23 UTC,2012-03-21 21:54:23 UTC
271,59,cancelled,2012-03-07 12:54:23 UTC,2012-03-07 12:54:23 UTC
272,59,completed,2012-03-12 19:54:23 UTC,2012-03-12 19:54:23 UTC
273,59,in progress,2012-03-08 21:54:23 UTC,2012-03-08 21:54:23 UTC
274,59,completed,2012-03-17 14:54:23 UTC,2012-03-17 14:54:23 UTC
275,60,cancelled,2012-03-26 16:54:23 UTC,2012-03-26 16:54:23 UTC
276,60,in progress,2012-03-10 11:54:23 UTC,2012-03-10 11:54:23 UTC
277,60,completed,2012-03-11 14:54:23 UTC,2012-03-11 14:54:23 UTC
278,60,completed,2012-03-27 00:54:23 UTC,2012-03-27 00:54:23 UTC
279,60,in progress,2012-03-18 07:54:23 UTC,2012-03-18 07:54:23 UTC
280,60,in progress,2012-03-27 01:54:23 UTC,2012-03-27 01:54:23 UTC
281,60,completed,2012-03-07 06:54:23 UTC,2012-03-07 06:54:23 UTC
282,60,in progress,2012-03-06 17:54:23 UTC,2012-03-06 17:54:23 UTC
283,61,cancelled,2012-03-20 07:54:23 UTC,2012-03-20 07:54:23 UTC
284,61,cancelled,2012-03-08 20:54:23 UTC,2012-03-08 20:54:23 UTC
285,61,completed,2012-03-07 06:54:23 UTC,2012-03-07 06:54:23 UTC
286,61,in progress,2012-03-25 04:54:23 UTC,2012-03-25 04:54:23 UTC
287,61,in progress,2012-03-17 19:54:23 UTC,2012-03-17 19:54:23 UTC
288,61,in progress,2012-03-08 03:54:24 UTC,2012-03-08 03:54:24 UTC
289,61,cancelled,2012-03-16 15:54:24 UTC,2012-03-16 15:54:24 UTC
290,62,in progress,2012-03-12 00:54:24 UTC,2012-03-12 00:54:24 UTC
291,62,completed,2012-03-07 00:54:24 UTC,2012-03-07 00:54:24 UTC
292,62,in progress,2012-03-09 00:54:24 UTC,2012-03-09 00:54:24 UTC
293,62,in progress,2012-03-12 19:54:24 UTC,2012-03-12 19:54:24 UTC
294,63,cancelled,2012-03-09 19:54:24 UTC,2012-03-09 19:54:24 UTC
295,63,cancelled,2012-03-15 16:54:24 UTC,2012-03-15 16:54:24 UTC
296,63,cancelled,2012-03-19 23:54:24 UTC,2012-03-19 23:54:24 UTC
297,64,completed,2012-03-11 12:54:24 UTC,2012-03-11 12:54:24 UTC
298,64,cancelled,2012-03-15 05:54:24 UTC,2012-03-15 05:54:24 UTC
299,64,cancelled,2012-03-18 02:54:24 UTC,2012-03-18 02:54:24 UTC
300,64,in progress,2012-03-16 09:54:24 UTC,2012-03-16 09:54:24 UTC
301,64,in progress,2012-03-22 12:54:24 UTC,2012-03-22 12:54:24 UTC
302,64,completed,2012-03-09 03:54:24 UTC,2012-03-09 03:54:24 UTC
303,64,cancelled,2012-03-16 05:54:24 UTC,2012-03-16 05:54:24 UTC
304,64,cancelled,2012-03-11 14:54:24 UTC,2012-03-11 14:54:24 UTC
305,64,in progress,2012-03-21 12:54:24 UTC,2012-03-21 12:54:24 UTC
306,64,in progress,2012-03-17 09:54:24 UTC,2012-03-17 09:54:24 UTC
307,65,completed,2012-03-22 18:54:24 UTC,2012-03-22 18:54:24 UTC
308,66,cancelled,2012-03-18 21:54:24 UTC,2012-03-18 21:54:24 UTC
309,66,in progress,2012-03-07 00:54:24 UTC,2012-03-07 00:54:24 UTC
310,66,in progress,2012-03-11 18:54:25 UTC,2012-03-11 18:54:25 UTC
311,66,cancelled,2012-03-13 20:54:25 UTC,2012-03-13 20:54:25 UTC
312,66,cancelled,2012-03-27 08:54:25 UTC,2012-03-27 08:54:25 UTC
313,66,in progress,2012-03-07 18:54:25 UTC,2012-03-07 18:54:25 UTC
314,66,completed,2012-03-18 02:54:25 UTC,2012-03-18 02:54:25 UTC
315,66,in progress,2012-03-27 08:54:25 UTC,2012-03-27 08:54:25 UTC
316,66,cancelled,2012-03-22 05:54:25 UTC,2012-03-22 05:54:25 UTC
317,66,cancelled,2012-03-17 09:54:25 UTC,2012-03-17 09:54:25 UTC
318,67,in progress,2012-03-16 16:54:25 UTC,2012-03-16 16:54:25 UTC
319,67,in progress,2012-03-22 17:54:25 UTC,2012-03-22 17:54:25 UTC
320,67,in progress,2012-03-11 22:54:25 UTC,2012-03-11 22:54:25 UTC
321,67,completed,2012-03-25 14:54:25 UTC,2012-03-25 14:54:25 UTC
322,69,in progress,2012-03-11 04:54:25 UTC,2012-03-11 04:54:25 UTC
323,69,in progress,2012-03-23 17:54:25 UTC,2012-03-23 17:54:25 UTC
324,69,completed,2012-03-22 11:54:25 UTC,2012-03-22 11:54:25 UTC
325,69,in progress,2012-03-08 04:54:25 UTC,2012-03-08 04:54:25 UTC
326,69,cancelled,2012-03-17 20:54:25 UTC,2012-03-17 20:54:25 UTC
327,69,cancelled,2012-03-19 14:54:25 UTC,2012-03-19 14:54:25 UTC
328,69,cancelled,2012-03-13 06:54:25 UTC,2012-03-13 06:54:25 UTC
329,69,completed,2012-03-09 09:54:25 UTC,2012-03-09 09:54:25 UTC
330,69,in progress,2012-03-23 16:54:25 UTC,2012-03-23 16:54:25 UTC
331,70,completed,2012-03-10 12:54:25 UTC,2012-03-10 12:54:25 UTC
332,70,cancelled,2012-03-18 16:54:26 UTC,2012-03-18 16:54:26 UTC
333,70,in progress,2012-03-13 05:54:26 UTC,2012-03-13 05:54:26 UTC
334,70,cancelled,2012-03-18 06:54:26 UTC,2012-03-18 06:54:26 UTC
335,70,cancelled,2012-03-14 15:54:26 UTC,2012-03-14 15:54:26 UTC
336,71,cancelled,2012-03-10 21:54:26 UTC,2012-03-10 21:54:26 UTC
337,71,in progress,2012-03-13 14:54:26 UTC,2012-03-13 14:54:26 UTC
338,71,in progress,2012-03-08 02:54:26 UTC,2012-03-08 02:54:26 UTC
339,71,completed,2012-03-17 08:54:26 UTC,2012-03-17 08:54:26 UTC
340,71,completed,2012-03-14 03:54:26 UTC,2012-03-14 03:54:26 UTC
341,71,cancelled,2012-03-08 05:54:26 UTC,2012-03-08 05:54:26 UTC
342,72,cancelled,2012-03-17 10:54:26 UTC,2012-03-17 10:54:26 UTC
343,72,completed,2012-03-09 07:54:26 UTC,2012-03-09 07:54:26 UTC
344,72,in progress,2012-03-13 19:54:26 UTC,2012-03-13 19:54:26 UTC
345,72,cancelled,2012-03-21 01:54:26 UTC,2012-03-21 01:54:26 UTC
346,73,in progress,2012-03-09 16:54:26 UTC,2012-03-09 16:54:26 UTC
347,73,cancelled,2012-03-14 15:54:26 UTC,2012-03-14 15:54:26 UTC
348,73,in progress,2012-03-12 05:54:26 UTC,2012-03-12 05:54:26 UTC
349,74,completed,2012-03-19 21:54:26 UTC,2012-03-19 21:54:26 UTC
350,74,completed,2012-03-09 21:54:26 UTC,2012-03-09 21:54:26 UTC
351,74,in progress,2012-03-24 22:54:26 UTC,2012-03-24 22:54:26 UTC
352,74,in progress,2012-03-13 11:54:26 UTC,2012-03-13 11:54:26 UTC
353,74,in progress,2012-03-09 17:54:26 UTC,2012-03-09 17:54:26 UTC
354,74,cancelled,2012-03-06 16:54:27 UTC,2012-03-06 16:54:27 UTC
355,74,in progress,2012-03-17 13:54:27 UTC,2012-03-17 13:54:27 UTC
356,74,in progress,2012-03-14 16:54:27 UTC,2012-03-14 16:54:27 UTC
357,74,cancelled,2012-03-07 07:54:27 UTC,2012-03-07 07:54:27 UTC
358,75,in progress,2012-03-06 22:54:27 UTC,2012-03-06 22:54:27 UTC
359,75,cancelled,2012-03-25 21:54:27 UTC,2012-03-25 21:54:27 UTC
360,75,cancelled,2012-03-07 09:54:27 UTC,2012-03-07 09:54:27 UTC
361,75,in progress,2012-03-27 04:54:27 UTC,2012-03-27 04:54:27 UTC
362,75,cancelled,2012-03-21 01:54:27 UTC,2012-03-21 01:54:27 UTC
363,75,cancelled,2012-03-20 12:54:27 UTC,2012-03-20 12:54:27 UTC
364,75,completed,2012-03-18 05:54:27 UTC,2012-03-18 05:54:27 UTC
365,75,completed,2012-03-07 21:54:27 UTC,2012-03-07 21:54:27 UTC
366,75,cancelled,2012-03-17 01:54:27 UTC,2012-03-17 01:54:27 UTC
367,76,completed,2012-03-23 21:54:27 UTC,2012-03-23 21:54:27 UTC
368,76,cancelled,2012-03-26 15:54:27 UTC,2012-03-26 15:54:27 UTC
369,76,cancelled,2012-03-27 01:54:27 UTC,2012-03-27 01:54:27 UTC
370,76,in progress,2012-03-11 16:54:27 UTC,2012-03-11 16:54:27 UTC
371,76,cancelled,2012-03-12 04:54:27 UTC,2012-03-12 04:54:27 UTC
372,76,cancelled,2012-03-08 15:54:27 UTC,2012-03-08 15:54:27 UTC
373,76,completed,2012-03-08 10:54:27 UTC,2012-03-08 10:54:27 UTC
374,77,completed,2012-03-24 07:54:27 UTC,2012-03-24 07:54:27 UTC
375,77,cancelled,2012-03-22 06:54:28 UTC,2012-03-22 06:54:28 UTC
376,77,completed,2012-03-15 07:54:28 UTC,2012-03-15 07:54:28 UTC
377,77,completed,2012-03-16 23:54:28 UTC,2012-03-16 23:54:28 UTC
378,77,completed,2012-03-18 03:54:28 UTC,2012-03-18 03:54:28 UTC
379,77,in progress,2012-03-09 08:54:28 UTC,2012-03-09 08:54:28 UTC
380,77,cancelled,2012-03-19 15:54:28 UTC,2012-03-19 15:54:28 UTC
381,77,in progress,2012-03-08 23:54:28 UTC,2012-03-08 23:54:28 UTC
382,77,completed,2012-03-22 13:54:28 UTC,2012-03-22 13:54:28 UTC
383,77,completed,2012-03-06 15:54:28 UTC,2012-03-06 15:54:28 UTC
384,78,completed,2012-03-19 13:54:28 UTC,2012-03-19 13:54:28 UTC
385,78,in progress,2012-03-16 22:54:28 UTC,2012-03-16 22:54:28 UTC
386,78,in progress,2012-03-09 16:54:28 UTC,2012-03-09 16:54:28 UTC
387,79,in progress,2012-03-26 16:54:28 UTC,2012-03-26 16:54:28 UTC
388,79,in progress,2012-03-25 12:54:28 UTC,2012-03-25 12:54:28 UTC
389,79,completed,2012-03-07 23:54:28 UTC,2012-03-07 23:54:28 UTC
390,79,cancelled,2012-03-27 13:54:28 UTC,2012-03-27 13:54:28 UTC
391,79,cancelled,2012-03-19 22:54:28 UTC,2012-03-19 22:54:28 UTC
392,80,completed,2012-03-15 00:54:28 UTC,2012-03-15 00:54:28 UTC
393,80,cancelled,2012-03-17 18:54:28 UTC,2012-03-17 18:54:28 UTC
394,80,in progress,2012-03-13 23:54:28 UTC,2012-03-13 23:54:28 UTC
395,80,cancelled,2012-03-19 10:54:29 UTC,2012-03-19 10:54:29 UTC
396,80,cancelled,2012-03-11 08:54:29 UTC,2012-03-11 08:54:29 UTC
397,80,in progress,2012-03-22 14:54:29 UTC,2012-03-22 14:54:29 UTC
398,80,cancelled,2012-03-22 22:54:29 UTC,2012-03-22 22:54:29 UTC
399,80,completed,2012-03-09 23:54:29 UTC,2012-03-09 23:54:29 UTC
400,80,in progress,2012-03-24 08:54:29 UTC,2012-03-24 08:54:29 UTC
401,82,cancelled,2012-03-08 03:54:29 UTC,2012-03-08 03:54:29 UTC
402,83,completed,2012-03-14 15:54:29 UTC,2012-03-14 15:54:29 UTC
403,83,in progress,2012-03-26 02:54:29 UTC,2012-03-26 02:54:29 UTC
404,84,in progress,2012-03-07 06:54:29 UTC,2012-03-07 06:54:29 UTC
405,84,cancelled,2012-03-14 01:54:29 UTC,2012-03-14 01:54:29 UTC
406,84,in progress,2012-03-14 11:54:29 UTC,2012-03-14 11:54:29 UTC
407,84,in progress,2012-03-27 11:54:29 UTC,2012-03-27 11:54:29 UTC
408,84,in progress,2012-03-13 11:54:29 UTC,2012-03-13 11:54:29 UTC
409,84,in progress,2012-03-19 00:54:29 UTC,2012-03-19 00:54:29 UTC
410,86,completed,2012-03-12 12:54:30 UTC,2012-03-12 12:54:30 UTC
411,86,in progress,2012-03-20 21:54:30 UTC,2012-03-20 21:54:30 UTC
412,86,completed,2012-03-06 15:54:30 UTC,2012-03-06 15:54:30 UTC
413,86,cancelled,2012-03-07 19:54:30 UTC,2012-03-07 19:54:30 UTC
414,86,in progress,2012-03-09 03:54:30 UTC,2012-03-09 03:54:30 UTC
415,86,completed,2012-03-13 22:54:30 UTC,2012-03-13 22:54:30 UTC
416,86,cancelled,2012-03-16 20:54:30 UTC,2012-03-16 20:54:30 UTC
417,86,completed,2012-03-23 14:54:30 UTC,2012-03-23 14:54:30 UTC
418,87,completed,2012-03-11 17:54:30 UTC,2012-03-11 17:54:30 UTC
419,87,in progress,2012-03-16 07:54:30 UTC,2012-03-16 07:54:30 UTC
420,87,cancelled,2012-03-16 06:54:30 UTC,2012-03-16 06:54:30 UTC
421,87,completed,2012-03-27 09:54:30 UTC,2012-03-27 09:54:30 UTC
422,87,in progress,2012-03-09 09:54:30 UTC,2012-03-09 09:54:30 UTC
423,87,in progress,2012-03-11 12:54:30 UTC,2012-03-11 12:54:30 UTC
424,87,completed,2012-03-19 02:54:30 UTC,2012-03-19 02:54:30 UTC
425,88,completed,2012-03-21 21:54:30 UTC,2012-03-21 21:54:30 UTC
426,88,in progress,2012-03-18 08:54:30 UTC,2012-03-18 08:54:30 UTC
427,88,completed,2012-03-12 11:54:30 UTC,2012-03-12 11:54:30 UTC
428,88,completed,2012-03-13 05:54:30 UTC,2012-03-13 05:54:30 UTC
429,88,completed,2012-03-20 21:54:31 UTC,2012-03-20 21:54:31 UTC
430,88,completed,2012-03-10 00:54:31 UTC,2012-03-10 00:54:31 UTC
431,88,in progress,2012-03-12 18:54:31 UTC,2012-03-12 18:54:31 UTC
432,88,in progress,2012-03-20 20:54:31 UTC,2012-03-20 20:54:31 UTC
433,89,in progress,2012-03-24 17:54:31 UTC,2012-03-24 17:54:31 UTC
434,89,completed,2012-03-07 04:54:31 UTC,2012-03-07 04:54:31 UTC
435,89,completed,2012-03-07 17:54:31 UTC,2012-03-07 17:54:31 UTC
436,89,cancelled,2012-03-22 11:54:31 UTC,2012-03-22 11:54:31 UTC
437,89,cancelled,2012-03-15 17:54:31 UTC,2012-03-15 17:54:31 UTC
438,90,in progress,2012-03-13 07:54:31 UTC,2012-03-13 07:54:31 UTC
439,90,completed,2012-03-24 01:54:31 UTC,2012-03-24 01:54:31 UTC
440,91,completed,2012-03-26 17:54:31 UTC,2012-03-26 17:54:31 UTC
441,91,cancelled,2012-03-06 16:54:31 UTC,2012-03-06 16:54:31 UTC
442,91,completed,2012-03-23 11:54:31 UTC,2012-03-23 11:54:31 UTC
443,91,in progress,2012-03-11 13:54:31 UTC,2012-03-11 13:54:31 UTC
444,92,completed,2012-03-21 05:54:31 UTC,2012-03-21 05:54:31 UTC
445,92,completed,2012-03-22 08:54:31 UTC,2012-03-22 08:54:31 UTC
446,92,in progress,2012-03-23 10:54:31 UTC,2012-03-23 10:54:31 UTC
447,92,in progress,2012-03-20 04:54:31 UTC,2012-03-20 04:54:31 UTC
448,92,in progress,2012-03-22 04:54:31 UTC,2012-03-22 04:54:31 UTC
449,92,cancelled,2012-03-10 18:54:31 UTC,2012-03-10 18:54:31 UTC
450,92,cancelled,2012-03-23 07:54:32 UTC,2012-03-23 07:54:32 UTC
451,92,cancelled,2012-03-13 16:54:32 UTC,2012-03-13 16:54:32 UTC
452,92,completed,2012-03-21 12:54:32 UTC,2012-03-21 12:54:32 UTC
453,92,cancelled,2012-03-18 23:54:32 UTC,2012-03-18 23:54:32 UTC
454,93,completed,2012-03-20 12:54:32 UTC,2012-03-20 12:54:32 UTC
455,93,in progress,2012-03-26 07:54:32 UTC,2012-03-26 07:54:32 UTC
456,93,cancelled,2012-03-18 22:54:32 UTC,2012-03-18 22:54:32 UTC
457,93,completed,2012-03-07 13:54:32 UTC,2012-03-07 13:54:32 UTC
458,94,completed,2012-03-22 02:54:32 UTC,2012-03-22 02:54:32 UTC
459,94,in progress,2012-03-19 06:54:32 UTC,2012-03-19 06:54:32 UTC
460,94,in progress,2012-03-07 02:54:32 UTC,2012-03-07 02:54:32 UTC
461,94,cancelled,2012-03-19 05:54:32 UTC,2012-03-19 05:54:32 UTC
462,94,cancelled,2012-03-08 18:54:32 UTC,2012-03-08 18:54:32 UTC
463,94,completed,2012-03-18 21:54:32 UTC,2012-03-18 21:54:32 UTC
464,94,completed,2012-03-14 03:54:32 UTC,2012-03-14 03:54:32 UTC
465,94,cancelled,2012-03-21 17:54:32 UTC,2012-03-21 17:54:32 UTC
466,95,cancelled,2012-03-25 16:54:32 UTC,2012-03-25 16:54:32 UTC
467,95,in progress,2012-03-20 16:54:32 UTC,2012-03-20 16:54:32 UTC
468,96,completed,2012-03-10 11:54:32 UTC,2012-03-10 11:54:32 UTC
469,96,cancelled,2012-03-26 03:54:32 UTC,2012-03-26 03:54:32 UTC
470,96,in progress,2012-03-23 20:54:32 UTC,2012-03-23 20:54:32 UTC
471,97,cancelled,2012-03-09 11:54:32 UTC,2012-03-09 11:54:32 UTC
472,97,in progress,2012-03-24 11:54:33 UTC,2012-03-24 11:54:33 UTC
473,98,in progress,2012-03-13 07:54:33 UTC,2012-03-13 07:54:33 UTC
474,98,in progress,2012-03-15 16:54:33 UTC,2012-03-15 16:54:33 UTC
475,99,in progress,2012-03-07 14:54:33 UTC,2012-03-07 14:54:33 UTC
476,99,in progress,2012-03-11 04:54:33 UTC,2012-03-11 04:54:33 UTC
477,99,completed,2012-03-26 03:54:33 UTC,2012-03-26 03:54:33 UTC
478,99,completed,2012-03-25 09:54:33 UTC,2012-03-25 09:54:33 UTC
479,99,cancelled,2012-03-26 13:54:33 UTC,2012-03-26 13:54:33 UTC
480,99,in progress,2012-03-19 04:54:33 UTC,2012-03-19 04:54:33 UTC
481,101,cancelled,2012-03-25 18:54:33 UTC,2012-03-25 18:54:33 UTC
482,102,cancelled,2012-03-26 22:54:33 UTC,2012-03-26 22:54:33 UTC
483,102,completed,2012-03-10 08:54:33 UTC,2012-03-10 08:54:33 UTC
484,103,completed,2012-03-10 16:54:33 UTC,2012-03-10 16:54:33 UTC
485,103,completed,2012-03-23 10:54:33 UTC,2012-03-23 10:54:33 UTC
486,103,completed,2012-03-07 00:54:33 UTC,2012-03-07 00:54:33 UTC
487,103,cancelled,2012-03-12 10:54:33 UTC,2012-03-12 10:54:33 UTC
488,103,in progress,2012-03-23 19:54:33 UTC,2012-03-23 19:54:33 UTC
489,103,completed,2012-03-19 12:54:33 UTC,2012-03-19 12:54:33 UTC
490,104,cancelled,2012-03-08 10:54:33 UTC,2012-03-08 10:54:33 UTC
491,104,cancelled,2012-03-09 11:54:33 UTC,2012-03-09 11:54:33 UTC
492,104,cancelled,2012-03-18 22:54:33 UTC,2012-03-18 22:54:33 UTC
493,104,cancelled,2012-03-18 04:54:34 UTC,2012-03-18 04:54:34 UTC
494,104,in progress,2012-03-18 03:54:34 UTC,2012-03-18 03:54:34 UTC
495,104,completed,2012-03-11 01:54:34 UTC,2012-03-11 01:54:34 UTC
496,105,completed,2012-03-18 06:54:34 UTC,2012-03-18 06:54:34 UTC
497,105,completed,2012-03-11 11:54:34 UTC,2012-03-11 11:54:34 UTC
498,105,cancelled,2012-03-13 09:54:34 UTC,2012-03-13 09:54:34 UTC
499,105,cancelled,2012-03-10 00:54:34 UTC,2012-03-10 00:54:34 UTC
500,105,cancelled,2012-03-23 16:54:34 UTC,2012-03-23 16:54:34 UTC
501,105,completed,2012-03-19 13:54:34 UTC,2012-03-19 13:54:34 UTC
502,105,completed,2012-03-16 21:54:34 UTC,2012-03-16 21:54:34 UTC
503,105,cancelled,2012-03-21 15:54:34 UTC,2012-03-21 15:54:34 UTC
504,107,completed,2012-03-11 18:54:34 UTC,2012-03-11 18:54:34 UTC
505,107,cancelled,2012-03-14 06:54:34 UTC,2012-03-14 06:54:34 UTC
506,107,cancelled,2012-03-25 15:54:34 UTC,2012-03-25 15:54:34 UTC
507,107,in progress,2012-03-25 06:54:34 UTC,2012-03-25 06:54:34 UTC
508,107,cancelled,2012-03-11 05:54:34 UTC,2012-03-11 05:54:34 UTC
509,107,cancelled,2012-03-20 18:54:34 UTC,2012-03-20 18:54:34 UTC
510,107,in progress,2012-03-25 19:54:34 UTC,2012-03-25 19:54:34 UTC
511,107,completed,2012-03-24 12:54:34 UTC,2012-03-24 12:54:34 UTC
512,107,cancelled,2012-03-14 23:54:34 UTC,2012-03-14 23:54:34 UTC
513,107,completed,2012-03-19 01:54:35 UTC,2012-03-19 01:54:35 UTC
514,108,cancelled,2012-03-12 08:54:35 UTC,2012-03-12 08:54:35 UTC
515,108,cancelled,2012-03-21 18:54:35 UTC,2012-03-21 18:54:35 UTC
516,108,completed,2012-03-09 03:54:35 UTC,2012-03-09 03:54:35 UTC
517,108,completed,2012-03-24 06:54:35 UTC,2012-03-24 06:54:35 UTC
518,108,in progress,2012-03-07 01:54:35 UTC,2012-03-07 01:54:35 UTC
519,108,completed,2012-03-17 16:54:35 UTC,2012-03-17 16:54:35 UTC
520,108,completed,2012-03-07 09:54:35 UTC,2012-03-07 09:54:35 UTC
521,108,completed,2012-03-23 22:54:35 UTC,2012-03-23 22:54:35 UTC
522,108,completed,2012-03-19 05:54:35 UTC,2012-03-19 05:54:35 UTC
523,109,in progress,2012-03-12 16:54:35 UTC,2012-03-12 16:54:35 UTC
524,109,in progress,2012-03-10 22:54:35 UTC,2012-03-10 22:54:35 UTC
525,109,completed,2012-03-12 19:54:35 UTC,2012-03-12 19:54:35 UTC
526,109,completed,2012-03-15 05:54:35 UTC,2012-03-15 05:54:35 UTC
527,109,completed,2012-03-11 20:54:35 UTC,2012-03-11 20:54:35 UTC
528,110,in progress,2012-03-19 15:54:35 UTC,2012-03-19 15:54:35 UTC
529,110,in progress,2012-03-07 04:54:35 UTC,2012-03-07 04:54:35 UTC
530,110,cancelled,2012-03-16 22:54:35 UTC,2012-03-16 22:54:35 UTC
531,110,completed,2012-03-11 00:54:35 UTC,2012-03-11 00:54:35 UTC
532,110,in progress,2012-03-11 14:54:35 UTC,2012-03-11 14:54:35 UTC
533,110,in progress,2012-03-19 03:54:35 UTC,2012-03-19 03:54:35 UTC
534,110,completed,2012-03-21 07:54:35 UTC,2012-03-21 07:54:35 UTC
535,110,in progress,2012-03-23 13:54:35 UTC,2012-03-23 13:54:35 UTC
536,110,completed,2012-03-25 22:54:35 UTC,2012-03-25 22:54:35 UTC
537,111,cancelled,2012-03-16 02:54:35 UTC,2012-03-16 02:54:35 UTC
538,111,in progress,2012-03-20 07:54:35 UTC,2012-03-20 07:54:35 UTC
539,111,in progress,2012-03-11 11:54:36 UTC,2012-03-11 11:54:36 UTC
540,111,in progress,2012-03-23 10:54:36 UTC,2012-03-23 10:54:36 UTC
541,112,cancelled,2012-03-06 15:54:36 UTC,2012-03-06 15:54:36 UTC
542,112,in progress,2012-03-17 04:54:36 UTC,2012-03-17 04:54:36 UTC
543,112,in progress,2012-03-16 10:54:36 UTC,2012-03-16 10:54:36 UTC
544,112,completed,2012-03-22 10:54:36 UTC,2012-03-22 10:54:36 UTC
545,112,completed,2012-03-19 15:54:36 UTC,2012-03-19 15:54:36 UTC
546,112,in progress,2012-03-14 13:54:36 UTC,2012-03-14 13:54:36 UTC
547,112,cancelled,2012-03-24 23:54:36 UTC,2012-03-24 23:54:36 UTC
548,112,completed,2012-03-26 12:54:36 UTC,2012-03-26 12:54:36 UTC
549,112,in progress,2012-03-14 12:54:36 UTC,2012-03-14 12:54:36 UTC
550,112,in progress,2012-03-21 07:54:36 UTC,2012-03-21 07:54:36 UTC
551,113,completed,2012-03-26 14:54:36 UTC,2012-03-26 14:54:36 UTC
552,113,in progress,2012-03-11 04:54:36 UTC,2012-03-11 04:54:36 UTC
553,114,in progress,2012-03-11 01:54:36 UTC,2012-03-11 01:54:36 UTC
554,114,completed,2012-03-07 03:54:36 UTC,2012-03-07 03:54:36 UTC
555,114,cancelled,2012-03-07 16:54:36 UTC,2012-03-07 16:54:36 UTC
556,114,in progress,2012-03-15 02:54:36 UTC,2012-03-15 02:54:36 UTC
557,114,completed,2012-03-19 03:54:36 UTC,2012-03-19 03:54:36 UTC
558,114,in progress,2012-03-24 10:54:36 UTC,2012-03-24 10:54:36 UTC
559,115,cancelled,2012-03-10 04:54:36 UTC,2012-03-10 04:54:36 UTC
560,115,cancelled,2012-03-22 22:54:36 UTC,2012-03-22 22:54:36 UTC
561,115,completed,2012-03-11 22:54:36 UTC,2012-03-11 22:54:36 UTC
562,115,in progress,2012-03-24 03:54:36 UTC,2012-03-24 03:54:36 UTC
563,116,cancelled,2012-03-26 11:54:37 UTC,2012-03-26 11:54:37 UTC
564,116,completed,2012-03-19 13:54:37 UTC,2012-03-19 13:54:37 UTC
565,116,in progress,2012-03-07 07:54:37 UTC,2012-03-07 07:54:37 UTC
566,116,in progress,2012-03-09 00:54:37 UTC,2012-03-09 00:54:37 UTC
567,116,in progress,2012-03-08 18:54:37 UTC,2012-03-08 18:54:37 UTC
568,117,completed,2012-03-08 09:54:37 UTC,2012-03-08 09:54:37 UTC
569,117,in progress,2012-03-18 11:54:37 UTC,2012-03-18 11:54:37 UTC
570,117,completed,2012-03-16 20:54:37 UTC,2012-03-16 20:54:37 UTC
571,117,completed,2012-03-18 07:54:37 UTC,2012-03-18 07:54:37 UTC
572,117,cancelled,2012-03-26 11:54:37 UTC,2012-03-26 11:54:37 UTC
573,117,cancelled,2012-03-19 18:54:37 UTC,2012-03-19 18:54:37 UTC
574,117,cancelled,2012-03-25 05:54:37 UTC,2012-03-25 05:54:37 UTC
575,117,cancelled,2012-03-12 21:54:37 UTC,2012-03-12 21:54:37 UTC
576,117,cancelled,2012-03-18 06:54:37 UTC,2012-03-18 06:54:37 UTC
577,118,cancelled,2012-03-22 14:54:37 UTC,2012-03-22 14:54:37 UTC
578,118,cancelled,2012-03-27 05:54:37 UTC,2012-03-27 05:54:37 UTC
579,118,completed,2012-03-23 13:54:37 UTC,2012-03-23 13:54:37 UTC
580,118,completed,2012-03-23 22:54:37 UTC,2012-03-23 22:54:37 UTC
581,118,in progress,2012-03-09 16:54:37 UTC,2012-03-09 16:54:37 UTC
582,118,cancelled,2012-03-20 07:54:37 UTC,2012-03-20 07:54:37 UTC
583,118,in progress,2012-03-21 20:54:38 UTC,2012-03-21 20:54:38 UTC
584,118,completed,2012-03-24 02:54:38 UTC,2012-03-24 02:54:38 UTC
585,118,in progress,2012-03-25 01:54:38 UTC,2012-03-25 01:54:38 UTC
586,118,in progress,2012-03-21 08:54:38 UTC,2012-03-21 08:54:38 UTC
587,119,completed,2012-03-18 04:54:38 UTC,2012-03-18 04:54:38 UTC
588,119,cancelled,2012-03-18 09:54:38 UTC,2012-03-18 09:54:38 UTC
589,119,cancelled,2012-03-25 17:54:38 UTC,2012-03-25 17:54:38 UTC
590,119,completed,2012-03-18 19:54:38 UTC,2012-03-18 19:54:38 UTC
591,119,in progress,2012-03-07 01:54:38 UTC,2012-03-07 01:54:38 UTC
592,119,cancelled,2012-03-26 08:54:38 UTC,2012-03-26 08:54:38 UTC
593,119,cancelled,2012-03-17 12:54:38 UTC,2012-03-17 12:54:38 UTC
594,119,in progress,2012-03-17 08:54:38 UTC,2012-03-17 08:54:38 UTC
595,119,completed,2012-03-09 17:54:38 UTC,2012-03-09 17:54:38 UTC
596,120,cancelled,2012-03-11 20:54:38 UTC,2012-03-11 20:54:38 UTC
597,122,in progress,2012-03-25 03:54:38 UTC,2012-03-25 03:54:38 UTC
598,122,cancelled,2012-03-27 04:54:38 UTC,2012-03-27 04:54:38 UTC
599,122,cancelled,2012-03-09 23:54:38 UTC,2012-03-09 23:54:38 UTC
600,122,completed,2012-03-23 04:54:38 UTC,2012-03-23 04:54:38 UTC
601,123,cancelled,2012-03-27 07:54:38 UTC,2012-03-27 07:54:38 UTC
602,123,completed,2012-03-10 12:54:39 UTC,2012-03-10 12:54:39 UTC
603,123,in progress,2012-03-16 01:54:39 UTC,2012-03-16 01:54:39 UTC
604,123,completed,2012-03-25 05:54:39 UTC,2012-03-25 05:54:39 UTC
605,123,completed,2012-03-12 19:54:39 UTC,2012-03-12 19:54:39 UTC
606,123,cancelled,2012-03-22 07:54:39 UTC,2012-03-22 07:54:39 UTC
607,124,cancelled,2012-03-07 10:54:39 UTC,2012-03-07 10:54:39 UTC
608,124,completed,2012-03-27 06:54:39 UTC,2012-03-27 06:54:39 UTC
609,125,cancelled,2012-03-16 21:54:39 UTC,2012-03-16 21:54:39 UTC
610,125,in progress,2012-03-24 22:54:39 UTC,2012-03-24 22:54:39 UTC
611,125,in progress,2012-03-27 01:54:39 UTC,2012-03-27 01:54:39 UTC
612,125,cancelled,2012-03-23 22:54:39 UTC,2012-03-23 22:54:39 UTC
613,126,completed,2012-03-15 21:54:39 UTC,2012-03-15 21:54:39 UTC
614,126,in progress,2012-03-10 02:54:39 UTC,2012-03-10 02:54:39 UTC
615,126,in progress,2012-03-16 18:54:39 UTC,2012-03-16 18:54:39 UTC
616,126,completed,2012-03-12 02:54:39 UTC,2012-03-12 02:54:39 UTC
617,126,in progress,2012-03-24 23:54:39 UTC,2012-03-24 23:54:39 UTC
618,126,completed,2012-03-10 07:54:39 UTC,2012-03-10 07:54:39 UTC
619,126,completed,2012-03-27 11:54:39 UTC,2012-03-27 11:54:39 UTC
620,126,completed,2012-03-26 13:54:39 UTC,2012-03-26 13:54:39 UTC
621,126,cancelled,2012-03-13 20:54:39 UTC,2012-03-13 20:54:39 UTC
622,127,cancelled,2012-03-06 14:54:39 UTC,2012-03-06 14:54:39 UTC
623,127,completed,2012-03-26 18:54:40 UTC,2012-03-26 18:54:40 UTC
624,127,in progress,2012-03-26 06:54:40 UTC,2012-03-26 06:54:40 UTC
625,127,cancelled,2012-03-21 07:54:40 UTC,2012-03-21 07:54:40 UTC
626,127,completed,2012-03-16 03:54:40 UTC,2012-03-16 03:54:40 UTC
627,127,cancelled,2012-03-23 05:54:40 UTC,2012-03-23 05:54:40 UTC
628,127,in progress,2012-03-10 08:54:40 UTC,2012-03-10 08:54:40 UTC
629,127,completed,2012-03-20 07:54:40 UTC,2012-03-20 07:54:40 UTC
630,127,in progress,2012-03-25 21:54:40 UTC,2012-03-25 21:54:40 UTC
631,127,completed,2012-03-13 16:54:40 UTC,2012-03-13 16:54:40 UTC
632,128,in progress,2012-03-25 00:54:40 UTC,2012-03-25 00:54:40 UTC
633,128,cancelled,2012-03-10 20:54:40 UTC,2012-03-10 20:54:40 UTC
634,128,in progress,2012-03-10 02:54:40 UTC,2012-03-10 02:54:40 UTC
635,128,cancelled,2012-03-19 04:54:40 UTC,2012-03-19 04:54:40 UTC
636,128,in progress,2012-03-14 19:54:40 UTC,2012-03-14 19:54:40 UTC
637,128,in progress,2012-03-18 21:54:40 UTC,2012-03-18 21:54:40 UTC
638,128,completed,2012-03-10 00:54:40 UTC,2012-03-10 00:54:40 UTC
639,130,completed,2012-03-15 02:54:40 UTC,2012-03-15 02:54:40 UTC
640,130,completed,2012-03-22 02:54:40 UTC,2012-03-22 02:54:40 UTC
641,130,cancelled,2012-03-15 08:54:40 UTC,2012-03-15 08:54:40 UTC
642,130,in progress,2012-03-26 22:54:40 UTC,2012-03-26 22:54:40 UTC
643,130,in progress,2012-03-09 05:54:40 UTC,2012-03-09 05:54:40 UTC
644,130,cancelled,2012-03-25 05:54:40 UTC,2012-03-25 05:54:40 UTC
645,130,in progress,2012-03-07 01:54:40 UTC,2012-03-07 01:54:40 UTC
646,130,cancelled,2012-03-09 02:54:40 UTC,2012-03-09 02:54:40 UTC
647,131,completed,2012-03-14 09:54:40 UTC,2012-03-14 09:54:40 UTC
648,131,cancelled,2012-03-15 00:54:40 UTC,2012-03-15 00:54:40 UTC
649,131,in progress,2012-03-17 02:54:40 UTC,2012-03-17 02:54:40 UTC
650,131,cancelled,2012-03-18 03:54:41 UTC,2012-03-18 03:54:41 UTC
651,131,in progress,2012-03-12 23:54:41 UTC,2012-03-12 23:54:41 UTC
652,132,completed,2012-03-25 06:54:41 UTC,2012-03-25 06:54:41 UTC
653,132,in progress,2012-03-25 17:54:41 UTC,2012-03-25 17:54:41 UTC
654,132,completed,2012-03-19 09:54:41 UTC,2012-03-19 09:54:41 UTC
655,132,in progress,2012-03-27 12:54:41 UTC,2012-03-27 12:54:41 UTC
656,132,in progress,2012-03-15 04:54:41 UTC,2012-03-15 04:54:41 UTC
657,132,completed,2012-03-19 05:54:41 UTC,2012-03-19 05:54:41 UTC
658,132,in progress,2012-03-13 20:54:41 UTC,2012-03-13 20:54:41 UTC
659,133,cancelled,2012-03-17 02:54:41 UTC,2012-03-17 02:54:41 UTC
660,133,completed,2012-03-13 00:54:41 UTC,2012-03-13 00:54:41 UTC
661,133,cancelled,2012-03-22 18:54:41 UTC,2012-03-22 18:54:41 UTC
662,133,in progress,2012-03-19 16:54:41 UTC,2012-03-19 16:54:41 UTC
663,133,cancelled,2012-03-25 07:54:41 UTC,2012-03-25 07:54:41 UTC
664,133,in progress,2012-03-08 09:54:41 UTC,2012-03-08 09:54:41 UTC
665,133,cancelled,2012-03-19 11:54:41 UTC,2012-03-19 11:54:41 UTC
666,133,in progress,2012-03-20 00:54:41 UTC,2012-03-20 00:54:41 UTC
667,134,completed,2012-03-19 01:54:41 UTC,2012-03-19 01:54:41 UTC
668,134,cancelled,2012-03-18 22:54:41 UTC,2012-03-18 22:54:41 UTC
669,134,completed,2012-03-23 00:54:41 UTC,2012-03-23 00:54:41 UTC
670,134,cancelled,2012-03-13 22:54:41 UTC,2012-03-13 22:54:41 UTC
671,134,cancelled,2012-03-24 15:54:41 UTC,2012-03-24 15:54:41 UTC
672,134,in progress,2012-03-10 04:54:41 UTC,2012-03-10 04:54:41 UTC
673,134,completed,2012-03-08 18:54:42 UTC,2012-03-08 18:54:42 UTC
674,134,cancelled,2012-03-19 19:54:42 UTC,2012-03-19 19:54:42 UTC
675,135,completed,2012-03-23 12:54:42 UTC,2012-03-23 12:54:42 UTC
676,135,completed,2012-03-12 20:54:42 UTC,2012-03-12 20:54:42 UTC
677,135,in progress,2012-03-12 05:54:42 UTC,2012-03-12 05:54:42 UTC
678,136,in progress,2012-03-27 08:54:42 UTC,2012-03-27 08:54:42 UTC
679,137,completed,2012-03-09 18:54:42 UTC,2012-03-09 18:54:42 UTC
680,137,in progress,2012-03-19 19:54:42 UTC,2012-03-19 19:54:42 UTC
681,137,completed,2012-03-19 08:54:42 UTC,2012-03-19 08:54:42 UTC
682,137,cancelled,2012-03-23 20:54:42 UTC,2012-03-23 20:54:42 UTC
683,137,completed,2012-03-11 01:54:42 UTC,2012-03-11 01:54:42 UTC
684,137,completed,2012-03-21 03:54:42 UTC,2012-03-21 03:54:42 UTC
685,137,cancelled,2012-03-09 12:54:42 UTC,2012-03-09 12:54:42 UTC
686,137,in progress,2012-03-13 21:54:42 UTC,2012-03-13 21:54:42 UTC
687,137,completed,2012-03-23 08:54:42 UTC,2012-03-23 08:54:42 UTC
688,137,in progress,2012-03-12 22:54:42 UTC,2012-03-12 22:54:42 UTC
689,138,in progress,2012-03-07 06:54:42 UTC,2012-03-07 06:54:42 UTC
690,138,cancelled,2012-03-18 11:54:42 UTC,2012-03-18 11:54:42 UTC
691,139,cancelled,2012-03-17 14:54:42 UTC,2012-03-17 14:54:42 UTC
692,139,cancelled,2012-03-19 21:54:42 UTC,2012-03-19 21:54:42 UTC
693,139,cancelled,2012-03-16 03:54:42 UTC,2012-03-16 03:54:42 UTC
694,139,completed,2012-03-22 02:54:43 UTC,2012-03-22 02:54:43 UTC
695,139,completed,2012-03-07 01:54:43 UTC,2012-03-07 01:54:43 UTC
696,139,cancelled,2012-03-20 10:54:43 UTC,2012-03-20 10:54:43 UTC
697,139,completed,2012-03-13 12:54:43 UTC,2012-03-13 12:54:43 UTC
698,140,completed,2012-03-09 11:54:43 UTC,2012-03-09 11:54:43 UTC
699,140,cancelled,2012-03-09 06:54:43 UTC,2012-03-09 06:54:43 UTC
700,140,in progress,2012-03-22 13:54:43 UTC,2012-03-22 13:54:43 UTC
701,140,in progress,2012-03-19 08:54:43 UTC,2012-03-19 08:54:43 UTC
702,140,in progress,2012-03-07 10:54:43 UTC,2012-03-07 10:54:43 UTC
703,140,in progress,2012-03-27 01:54:43 UTC,2012-03-27 01:54:43 UTC
704,140,in progress,2012-03-12 10:54:43 UTC,2012-03-12 10:54:43 UTC
705,140,cancelled,2012-03-10 05:54:43 UTC,2012-03-10 05:54:43 UTC
706,140,cancelled,2012-03-09 00:54:43 UTC,2012-03-09 00:54:43 UTC
707,141,in progress,2012-03-21 16:54:43 UTC,2012-03-21 16:54:43 UTC
708,141,completed,2012-03-13 06:54:43 UTC,2012-03-13 06:54:43 UTC
709,141,cancelled,2012-03-06 23:54:43 UTC,2012-03-06 23:54:43 UTC
710,141,cancelled,2012-03-27 09:54:43 UTC,2012-03-27 09:54:43 UTC
711,141,completed,2012-03-10 15:54:43 UTC,2012-03-10 15:54:43 UTC
712,141,cancelled,2012-03-18 01:54:43 UTC,2012-03-18 01:54:43 UTC
713,142,cancelled,2012-03-19 13:54:43 UTC,2012-03-19 13:54:43 UTC
714,142,in progress,2012-03-13 17:54:43 UTC,2012-03-13 17:54:43 UTC
715,142,completed,2012-03-10 01:54:43 UTC,2012-03-10 01:54:43 UTC
716,142,in progress,2012-03-20 01:54:43 UTC,2012-03-20 01:54:43 UTC
717,142,cancelled,2012-03-10 10:54:43 UTC,2012-03-10 10:54:43 UTC
718,142,completed,2012-03-10 22:54:44 UTC,2012-03-10 22:54:44 UTC
719,142,cancelled,2012-03-23 16:54:44 UTC,2012-03-23 16:54:44 UTC
720,142,in progress,2012-03-22 15:54:44 UTC,2012-03-22 15:54:44 UTC
721,143,completed,2012-03-18 12:54:44 UTC,2012-03-18 12:54:44 UTC
722,143,in progress,2012-03-20 03:54:44 UTC,2012-03-20 03:54:44 UTC
723,143,cancelled,2012-03-20 16:54:44 UTC,2012-03-20 16:54:44 UTC
724,143,completed,2012-03-16 01:54:44 UTC,2012-03-16 01:54:44 UTC
725,143,completed,2012-03-20 02:54:44 UTC,2012-03-20 02:54:44 UTC
726,143,completed,2012-03-25 20:54:44 UTC,2012-03-25 20:54:44 UTC
727,143,in progress,2012-03-23 09:54:44 UTC,2012-03-23 09:54:44 UTC
728,143,completed,2012-03-25 22:54:44 UTC,2012-03-25 22:54:44 UTC
729,143,completed,2012-03-07 19:54:44 UTC,2012-03-07 19:54:44 UTC
730,144,in progress,2012-03-26 10:54:44 UTC,2012-03-26 10:54:44 UTC
731,144,cancelled,2012-03-20 00:54:44 UTC,2012-03-20 00:54:44 UTC
732,145,in progress,2012-03-10 16:54:44 UTC,2012-03-10 16:54:44 UTC
733,145,in progress,2012-03-14 21:54:44 UTC,2012-03-14 21:54:44 UTC
734,145,cancelled,2012-03-11 13:54:44 UTC,2012-03-11 13:54:44 UTC
735,145,cancelled,2012-03-10 05:54:44 UTC,2012-03-10 05:54:44 UTC
736,145,cancelled,2012-03-17 05:54:44 UTC,2012-03-17 05:54:44 UTC
737,145,in progress,2012-03-24 16:54:44 UTC,2012-03-24 16:54:44 UTC
738,145,completed,2012-03-14 12:54:44 UTC,2012-03-14 12:54:44 UTC
739,145,cancelled,2012-03-23 01:54:44 UTC,2012-03-23 01:54:44 UTC
740,145,completed,2012-03-09 00:54:44 UTC,2012-03-09 00:54:44 UTC
741,145,cancelled,2012-03-17 10:54:45 UTC,2012-03-17 10:54:45 UTC
742,146,cancelled,2012-03-20 14:54:45 UTC,2012-03-20 14:54:45 UTC
743,146,in progress,2012-03-11 15:54:45 UTC,2012-03-11 15:54:45 UTC
744,146,completed,2012-03-19 22:54:45 UTC,2012-03-19 22:54:45 UTC
745,146,in progress,2012-03-06 21:54:45 UTC,2012-03-06 21:54:45 UTC
746,146,completed,2012-03-24 08:54:45 UTC,2012-03-24 08:54:45 UTC
747,146,cancelled,2012-03-09 21:54:45 UTC,2012-03-09 21:54:45 UTC
748,146,completed,2012-03-18 13:54:45 UTC,2012-03-18 13:54:45 UTC
749,146,cancelled,2012-03-24 17:54:45 UTC,2012-03-24 17:54:45 UTC
750,146,cancelled,2012-03-23 23:54:45 UTC,2012-03-23 23:54:45 UTC
751,147,in progress,2012-03-25 16:54:45 UTC,2012-03-25 16:54:45 UTC
752,147,cancelled,2012-03-08 20:54:45 UTC,2012-03-08 20:54:45 UTC
753,147,in progress,2012-03-12 18:54:45 UTC,2012-03-12 18:54:45 UTC
754,147,completed,2012-03-23 08:54:45 UTC,2012-03-23 08:54:45 UTC
755,147,in progress,2012-03-12 12:54:45 UTC,2012-03-12 12:54:45 UTC
756,147,completed,2012-03-17 13:54:45 UTC,2012-03-17 13:54:45 UTC
757,147,cancelled,2012-03-15 01:54:45 UTC,2012-03-15 01:54:45 UTC
758,147,completed,2012-03-22 22:54:45 UTC,2012-03-22 22:54:45 UTC
759,148,cancelled,2012-03-18 15:54:45 UTC,2012-03-18 15:54:45 UTC
760,148,in progress,2012-03-17 00:54:45 UTC,2012-03-17 00:54:45 UTC
761,148,completed,2012-03-18 17:54:46 UTC,2012-03-18 17:54:46 UTC
762,148,completed,2012-03-23 20:54:46 UTC,2012-03-23 20:54:46 UTC
763,149,cancelled,2012-03-11 05:54:46 UTC,2012-03-11 05:54:46 UTC
764,149,cancelled,2012-03-14 09:54:46 UTC,2012-03-14 09:54:46 UTC
765,149,completed,2012-03-23 19:54:46 UTC,2012-03-23 19:54:46 UTC
766,150,in progress,2012-03-16 07:54:46 UTC,2012-03-16 07:54:46 UTC
767,150,completed,2012-03-21 14:54:46 UTC,2012-03-21 14:54:46 UTC
768,150,completed,2012-03-09 01:54:46 UTC,2012-03-09 01:54:46 UTC
769,150,in progress,2012-03-07 10:54:46 UTC,2012-03-07 10:54:46 UTC
770,150,completed,2012-03-25 01:54:46 UTC,2012-03-25 01:54:46 UTC
771,151,cancelled,2012-03-20 20:54:46 UTC,2012-03-20 20:54:46 UTC
772,151,in progress,2012-03-18 11:54:46 UTC,2012-03-18 11:54:46 UTC
773,151,cancelled,2012-03-22 18:54:46 UTC,2012-03-22 18:54:46 UTC
774,151,in progress,2012-03-18 00:54:46 UTC,2012-03-18 00:54:46 UTC
775,151,cancelled,2012-03-07 10:54:46 UTC,2012-03-07 10:54:46 UTC
776,151,in progress,2012-03-23 16:54:46 UTC,2012-03-23 16:54:46 UTC
777,153,completed,2012-03-25 03:54:46 UTC,2012-03-25 03:54:46 UTC
778,153,completed,2012-03-09 06:54:46 UTC,2012-03-09 06:54:46 UTC
779,153,in progress,2012-03-15 20:54:46 UTC,2012-03-15 20:54:46 UTC
780,153,in progress,2012-03-25 06:54:47 UTC,2012-03-25 06:54:47 UTC
781,154,completed,2012-03-12 22:54:47 UTC,2012-03-12 22:54:47 UTC
782,154,in progress,2012-03-22 08:54:47 UTC,2012-03-22 08:54:47 UTC
783,154,in progress,2012-03-27 02:54:47 UTC,2012-03-27 02:54:47 UTC
784,154,cancelled,2012-03-26 15:54:47 UTC,2012-03-26 15:54:47 UTC
785,154,in progress,2012-03-23 01:54:47 UTC,2012-03-23 01:54:47 UTC
786,154,completed,2012-03-09 05:54:47 UTC,2012-03-09 05:54:47 UTC
787,154,completed,2012-03-19 11:54:47 UTC,2012-03-19 11:54:47 UTC
788,155,cancelled,2012-03-26 02:54:47 UTC,2012-03-26 02:54:47 UTC
789,155,cancelled,2012-03-21 05:54:47 UTC,2012-03-21 05:54:47 UTC
790,155,completed,2012-03-22 18:54:47 UTC,2012-03-22 18:54:47 UTC
791,155,cancelled,2012-03-18 20:54:47 UTC,2012-03-18 20:54:47 UTC
792,155,completed,2012-03-21 10:54:47 UTC,2012-03-21 10:54:47 UTC
793,155,in progress,2012-03-26 05:54:47 UTC,2012-03-26 05:54:47 UTC
794,155,cancelled,2012-03-26 18:54:47 UTC,2012-03-26 18:54:47 UTC
795,155,completed,2012-03-13 20:54:47 UTC,2012-03-13 20:54:47 UTC
796,155,cancelled,2012-03-27 03:54:47 UTC,2012-03-27 03:54:47 UTC
797,155,completed,2012-03-08 23:54:47 UTC,2012-03-08 23:54:47 UTC
798,156,cancelled,2012-03-27 05:54:47 UTC,2012-03-27 05:54:47 UTC
799,156,in progress,2012-03-27 03:54:47 UTC,2012-03-27 03:54:47 UTC
800,156,completed,2012-03-22 11:54:48 UTC,2012-03-22 11:54:48 UTC
801,156,in progress,2012-03-26 01:54:48 UTC,2012-03-26 01:54:48 UTC
802,156,cancelled,2012-03-06 16:54:48 UTC,2012-03-06 16:54:48 UTC
803,156,cancelled,2012-03-17 13:54:48 UTC,2012-03-17 13:54:48 UTC
804,156,cancelled,2012-03-27 07:54:48 UTC,2012-03-27 07:54:48 UTC
805,156,completed,2012-03-20 23:54:48 UTC,2012-03-20 23:54:48 UTC
806,156,cancelled,2012-03-13 10:54:48 UTC,2012-03-13 10:54:48 UTC
807,156,completed,2012-03-13 08:54:48 UTC,2012-03-13 08:54:48 UTC
808,157,completed,2012-03-24 20:54:48 UTC,2012-03-24 20:54:48 UTC
809,157,completed,2012-03-20 06:54:48 UTC,2012-03-20 06:54:48 UTC
810,157,in progress,2012-03-15 04:54:48 UTC,2012-03-15 04:54:48 UTC
811,157,completed,2012-03-21 06:54:48 UTC,2012-03-21 06:54:48 UTC
812,157,completed,2012-03-08 15:54:48 UTC,2012-03-08 15:54:48 UTC
813,158,in progress,2012-03-14 02:54:48 UTC,2012-03-14 02:54:48 UTC
814,158,cancelled,2012-03-15 22:54:48 UTC,2012-03-15 22:54:48 UTC
815,158,cancelled,2012-03-17 17:54:48 UTC,2012-03-17 17:54:48 UTC
816,158,in progress,2012-03-11 11:54:48 UTC,2012-03-11 11:54:48 UTC
817,158,completed,2012-03-08 01:54:48 UTC,2012-03-08 01:54:48 UTC
818,158,cancelled,2012-03-19 11:54:48 UTC,2012-03-19 11:54:48 UTC
819,158,cancelled,2012-03-26 19:54:49 UTC,2012-03-26 19:54:49 UTC
820,158,cancelled,2012-03-08 23:54:49 UTC,2012-03-08 23:54:49 UTC
821,158,in progress,2012-03-21 19:54:49 UTC,2012-03-21 19:54:49 UTC
822,159,in progress,2012-03-26 09:54:49 UTC,2012-03-26 09:54:49 UTC
823,159,completed,2012-03-25 21:54:49 UTC,2012-03-25 21:54:49 UTC
824,159,in progress,2012-03-07 00:54:49 UTC,2012-03-07 00:54:49 UTC
825,159,cancelled,2012-03-16 06:54:49 UTC,2012-03-16 06:54:49 UTC
826,160,completed,2012-03-24 02:54:49 UTC,2012-03-24 02:54:49 UTC
827,160,cancelled,2012-03-10 08:54:49 UTC,2012-03-10 08:54:49 UTC
828,160,cancelled,2012-03-19 19:54:49 UTC,2012-03-19 19:54:49 UTC
829,160,completed,2012-03-21 17:54:49 UTC,2012-03-21 17:54:49 UTC
830,160,completed,2012-03-25 20:54:49 UTC,2012-03-25 20:54:49 UTC
831,160,in progress,2012-03-16 04:54:49 UTC,2012-03-16 04:54:49 UTC
832,161,in progress,2012-03-07 19:54:49 UTC,2012-03-07 19:54:49 UTC
833,161,completed,2012-03-08 19:54:49 UTC,2012-03-08 19:54:49 UTC
834,161,cancelled,2012-03-15 00:54:49 UTC,2012-03-15 00:54:49 UTC
835,161,completed,2012-03-19 14:54:49 UTC,2012-03-19 14:54:49 UTC
836,161,in progress,2012-03-13 17:54:49 UTC,2012-03-13 17:54:49 UTC
837,161,in progress,2012-03-23 14:54:49 UTC,2012-03-23 14:54:49 UTC
838,162,cancelled,2012-03-13 01:54:49 UTC,2012-03-13 01:54:49 UTC
839,162,cancelled,2012-03-17 13:54:49 UTC,2012-03-17 13:54:49 UTC
840,162,in progress,2012-03-22 16:54:50 UTC,2012-03-22 16:54:50 UTC
841,162,completed,2012-03-27 06:54:50 UTC,2012-03-27 06:54:50 UTC
842,162,completed,2012-03-21 14:54:50 UTC,2012-03-21 14:54:50 UTC
843,162,completed,2012-03-10 14:54:50 UTC,2012-03-10 14:54:50 UTC
844,163,cancelled,2012-03-22 01:54:50 UTC,2012-03-22 01:54:50 UTC
845,163,in progress,2012-03-10 04:54:50 UTC,2012-03-10 04:54:50 UTC
846,163,cancelled,2012-03-22 21:54:50 UTC,2012-03-22 21:54:50 UTC
847,164,cancelled,2012-03-21 14:54:50 UTC,2012-03-21 14:54:50 UTC
848,164,in progress,2012-03-11 10:54:50 UTC,2012-03-11 10:54:50 UTC
849,164,in progress,2012-03-21 23:54:50 UTC,2012-03-21 23:54:50 UTC
850,164,completed,2012-03-17 05:54:50 UTC,2012-03-17 05:54:50 UTC
851,164,completed,2012-03-12 09:54:50 UTC,2012-03-12 09:54:50 UTC
852,165,in progress,2012-03-22 21:54:50 UTC,2012-03-22 21:54:50 UTC
853,165,in progress,2012-03-19 16:54:50 UTC,2012-03-19 16:54:50 UTC
854,165,in progress,2012-03-07 12:54:50 UTC,2012-03-07 12:54:50 UTC
855,165,cancelled,2012-03-27 05:54:50 UTC,2012-03-27 05:54:50 UTC
856,165,completed,2012-03-13 07:54:50 UTC,2012-03-13 07:54:50 UTC
857,165,completed,2012-03-25 05:54:50 UTC,2012-03-25 05:54:50 UTC
858,165,completed,2012-03-17 23:54:50 UTC,2012-03-17 23:54:50 UTC
859,165,in progress,2012-03-23 10:54:50 UTC,2012-03-23 10:54:50 UTC
860,166,cancelled,2012-03-17 08:54:50 UTC,2012-03-17 08:54:50 UTC
861,166,cancelled,2012-03-09 11:54:50 UTC,2012-03-09 11:54:50 UTC
862,166,cancelled,2012-03-12 19:54:51 UTC,2012-03-12 19:54:51 UTC
863,166,completed,2012-03-06 22:54:51 UTC,2012-03-06 22:54:51 UTC
864,166,cancelled,2012-03-14 13:54:51 UTC,2012-03-14 13:54:51 UTC
865,167,in progress,2012-03-10 01:54:51 UTC,2012-03-10 01:54:51 UTC
866,168,in progress,2012-03-19 17:54:51 UTC,2012-03-19 17:54:51 UTC
867,168,in progress,2012-03-27 12:54:51 UTC,2012-03-27 12:54:51 UTC
868,168,cancelled,2012-03-11 19:54:51 UTC,2012-03-11 19:54:51 UTC
869,168,completed,2012-03-18 01:54:51 UTC,2012-03-18 01:54:51 UTC
870,168,completed,2012-03-20 12:54:51 UTC,2012-03-20 12:54:51 UTC
871,168,in progress,2012-03-27 07:54:51 UTC,2012-03-27 07:54:51 UTC
872,168,cancelled,2012-03-10 17:54:51 UTC,2012-03-10 17:54:51 UTC
873,168,in progress,2012-03-25 21:54:51 UTC,2012-03-25 21:54:51 UTC
874,168,cancelled,2012-03-12 20:54:51 UTC,2012-03-12 20:54:51 UTC
875,168,completed,2012-03-23 19:54:51 UTC,2012-03-23 19:54:51 UTC
876,169,completed,2012-03-17 09:54:51 UTC,2012-03-17 09:54:51 UTC
877,169,in progress,2012-03-12 19:54:51 UTC,2012-03-12 19:54:51 UTC
878,169,completed,2012-03-21 21:54:51 UTC,2012-03-21 21:54:51 UTC
879,170,completed,2012-03-23 11:54:51 UTC,2012-03-23 11:54:51 UTC
880,170,completed,2012-03-21 22:54:51 UTC,2012-03-21 22:54:51 UTC
881,170,in progress,2012-03-19 21:54:51 UTC,2012-03-19 21:54:51 UTC
882,170,cancelled,2012-03-07 03:54:51 UTC,2012-03-07 03:54:51 UTC
883,170,completed,2012-03-23 08:54:51 UTC,2012-03-23 08:54:51 UTC
884,170,in progress,2012-03-10 03:54:51 UTC,2012-03-10 03:54:51 UTC
885,171,cancelled,2012-03-11 02:54:52 UTC,2012-03-11 02:54:52 UTC
886,171,completed,2012-03-25 17:54:52 UTC,2012-03-25 17:54:52 UTC
887,171,completed,2012-03-20 06:54:52 UTC,2012-03-20 06:54:52 UTC
888,171,cancelled,2012-03-06 16:54:52 UTC,2012-03-06 16:54:52 UTC
889,171,completed,2012-03-09 03:54:52 UTC,2012-03-09 03:54:52 UTC
890,171,in progress,2012-03-16 16:54:52 UTC,2012-03-16 16:54:52 UTC
891,172,completed,2012-03-14 01:54:52 UTC,2012-03-14 01:54:52 UTC
892,172,cancelled,2012-03-24 14:54:52 UTC,2012-03-24 14:54:52 UTC
893,172,cancelled,2012-03-25 06:54:52 UTC,2012-03-25 06:54:52 UTC
894,172,completed,2012-03-11 11:54:52 UTC,2012-03-11 11:54:52 UTC
895,172,in progress,2012-03-24 01:54:52 UTC,2012-03-24 01:54:52 UTC
896,173,completed,2012-03-15 12:54:52 UTC,2012-03-15 12:54:52 UTC
897,173,cancelled,2012-03-26 05:54:52 UTC,2012-03-26 05:54:52 UTC
898,174,cancelled,2012-03-08 16:54:52 UTC,2012-03-08 16:54:52 UTC
899,174,cancelled,2012-03-09 19:54:52 UTC,2012-03-09 19:54:52 UTC
900,174,in progress,2012-03-09 20:54:52 UTC,2012-03-09 20:54:52 UTC
